Material: Volume;Material: Name
7,61 m³;WAL_Precast-Exterior-250_RDK
10,63 m³;WAL_Precast-Exterior-250_RDK
30,14 m³;WAL_Precast-Exterior-250_RDK
16,75 m³;WAL_Precast-Exterior-250_RDK
7,66 m³;WAL_Precast-Exterior-250_RDK
17,26 m³;WAL_Precast-Exterior-250_RDK
2,32 m³;WAL_Precast-Exterior-300_RDK
12,50 m³;WAL_Precast-Interior-200_RDK
4,52 m³;WAL_Precast-Exterior-200_RDK
6,24 m³;WAL_Precast-Interior-200_RDK
3,76 m³;WAL_Precast-Exterior-250_RDK
1,77 m³;WAL_Precast-Exterior-250_RDK
8,05 m³;WAL_Precast-Exterior-250_RDK
4,68 m³;WAL_Precast-Exterior-250_RDK
8,04 m³;WAL_Precast-Exterior-250_RDK
10,01 m³;WAL_Precast-Exterior-250_RDK
4,23 m³;WAL_Precast-Interior-200_RDK
6,73 m³;WAL_Precast-Interior-300_RDK
5,32 m³;WAL_Precast-Interior-200_RDK
5,45 m³;WAL_Precast-Interior-300_RDK
5,73 m³;WAL_Precast-Interior-300_RDK
2,16 m³;WAL_Precast-Interior-200_RDK
1,72 m³;WAL_Precast-Interior-200_RDK
3,44 m³;WAL_Precast-Interior-250_RDK
10,70 m³;WAL_Precast-Interior-250_RDK
1,55 m³;WAL_Precast-Interior-200_RDK
2,34 m³;WAL_Precast-Interior-250_RDK
1,97 m³;WAL_Precast-Interior-200_RDK
1,76 m³;WAL_Precast-Interior-200_RDK
5,86 m³;WAL_Precast-Interior-200_RDK
2,00 m³;WAL_Precast-Interior-200_RDK
6,55 m³;WAL_Precast-Interior-200_RDK
3,39 m³;WAL_Precast-Interior-250_RDK
8,88 m³;WAL_Precast-Interior-250_RDK
1,38 m³;WAL_Precast-Interior-200_RDK
7,97 m³;WAL_Precast-Interior-300_RDK
12,76 m³;WAL_Precast-Interior-250_RDK
6,54 m³;WAL_Precast-Interior-200_RDK
6,26 m³;WAL_Precast-Interior-200_RDK
4,98 m³;WAL_Precast-Interior-200_RDK
9,89 m³;WAL_Precast-Interior-200_RDK
14,24 m³;WAL_Precast-Interior-200_RDK
1,34 m³;WAL_Precast-Interior-200_RDK
4,44 m³;WAL_Precast-Interior-300_RDK
1,82 m³;WAL_Precast-Interior-200_RDK
1,74 m³;WAL_Precast-Interior-200_RDK
1,78 m³;WAL_Precast-Interior-200_RDK
29,08 m³;WAL_Precast-Exterior-250_RDK
3,97 m³;WAL_Precast-Exterior-250_RDK
14,83 m³;WAL_Precast-Exterior-250_RDK
7,89 m³;WAL_Precast-Exterior-250_RDK
11,20 m³;WAL_Precast-Exterior-250_RDK
5,49 m³;WAL_Precast-Exterior-250_RDK
14,92 m³;WAL_Precast-Exterior-250_RDK
19,22 m³;WAL_Precast-Exterior-250_RDK
0,33 m³;WAL_Precast-Exterior-250_RDK
12,09 m³;WAL_Precast-Exterior-350_RDK
15,36 m³;WAL_Precast-Exterior-250_RDK
4,97 m³;WAL_Precast-Exterior-250_RDK
5,96 m³;WAL_Precast-Interior-300_RDK
4,84 m³;WAL_Precast-Interior-200_RDK
5,03 m³;WAL_Precast-Interior-300_RDK
5,26 m³;WAL_Precast-Interior-300_RDK
1,93 m³;WAL_Precast-Interior-200_RDK
1,50 m³;WAL_Precast-Interior-200_RDK
1,82 m³;WAL_Precast-Interior-200_RDK
5,36 m³;WAL_Precast-Interior-200_RDK
1,88 m³;WAL_Precast-Interior-200_RDK
4,12 m³;WAL_Precast-Interior-250_RDK
8,03 m³;WAL_Precast-Interior-250_RDK
1,23 m³;WAL_Precast-Interior-200_RDK
7,14 m³;WAL_Precast-Interior-300_RDK
4,13 m³;WAL_Precast-Interior-250_RDK
5,72 m³;WAL_Precast-Interior-200_RDK
4,36 m³;WAL_Precast-Interior-200_RDK
7,69 m³;WAL_Precast-Interior-200_RDK
3,80 m³;WAL_Precast-Interior-300_RDK
8,56 m³;WAL_Precast-Interior-200_RDK
3,84 m³;WAL_Precast-Interior-300_RDK
1,65 m³;WAL_Precast-Interior-200_RDK
1,40 m³;WAL_Precast-Interior-200_RDK
1,59 m³;WAL_Precast-Interior-200_RDK
7,15 m³;WAL_Precast-Exterior-250_RDK
3,13 m³;WAL_Precast-Interior-250_RDK
9,96 m³;WAL_Precast-Interior-250_RDK
1,53 m³;WAL_Precast-Interior-200_RDK
1,78 m³;WAL_Precast-Interior-250_RDK
1,57 m³;WAL_Precast-Interior-200_RDK
4,10 m³;WAL_Precast-Interior-200_RDK
7,26 m³;WAL_Precast-Interior-250_RDK
6,93 m³;WAL_Precast-Interior-300_RDK
3,89 m³;WAL_Precast-Exterior-300_RDK
3,94 m³;WAL_Precast-Exterior-250_RDK
1,55 m³;WAL_Precast-Exterior-200_RDK
4,54 m³;WAL_Precast-Exterior-250_RDK
8,94 m³;WAL_Precast-Interior-250_RDK
4,02 m³;WAL_Precast-Exterior-300_RDK
2,79 m³;WAL_Precast-Exterior-200_RDK
0,55 m³;WAL_Precast-Exterior-200_RDK
1,75 m³;WAL_Precast-Exterior-250_RDK
11,91 m³;WAL_Precast-Exterior-200_RDK
5,91 m³;WAL_Precast-Exterior-200_RDK
13,29 m³;WAL_Precast-Exterior-200_RDK
3,19 m³;WAL_Precast-Exterior-200_RDK
3,47 m³;WAL_Precast-Exterior-250_RDK
3,15 m³;WAL_Precast-Exterior-200_RDK
5,42 m³;WAL_Precast-Exterior-200_RDK
4,99 m³;WAL_Precast-Exterior-250_RDK
13,09 m³;WAL_Precast-Exterior-200_RDK
17,06 m³;WAL_Precast-Exterior-200_RDK
5,32 m³;WAL_Precast-Exterior-200_RDK
11,08 m³;WAL_Precast-Exterior-200_RDK
3,19 m³;WAL_Precast-Exterior-250_RDK
1,53 m³;WAL_Precast-Exterior-200_RDK
1,38 m³;WAL_Precast-Exterior-200_RDK
9,07 m³;WAL_Precast-Exterior-200_RDK
6,14 m³;WAL_Precast-Interior-300_RDK
4,84 m³;WAL_Precast-Interior-200_RDK
5,05 m³;WAL_Precast-Interior-300_RDK
5,26 m³;WAL_Precast-Interior-300_RDK
1,93 m³;WAL_Precast-Interior-200_RDK
1,50 m³;WAL_Precast-Interior-200_RDK
1,82 m³;WAL_Precast-Interior-200_RDK
5,39 m³;WAL_Precast-Interior-200_RDK
1,88 m³;WAL_Precast-Interior-200_RDK
6,00 m³;WAL_Precast-Interior-200_RDK
4,07 m³;WAL_Precast-Interior-250_RDK
7,77 m³;WAL_Precast-Interior-250_RDK
1,23 m³;WAL_Precast-Interior-200_RDK
7,23 m³;WAL_Precast-Interior-300_RDK
4,16 m³;WAL_Precast-Interior-250_RDK
3,92 m³;WAL_Precast-Interior-200_RDK
9,96 m³;WAL_Precast-Interior-250_RDK
3,84 m³;WAL_Precast-Interior-300_RDK
1,65 m³;WAL_Precast-Interior-200_RDK
1,45 m³;WAL_Precast-Interior-200_RDK
1,59 m³;WAL_Precast-Interior-200_RDK
7,15 m³;WAL_Precast-Exterior-250_RDK
3,11 m³;WAL_Precast-Interior-250_RDK
10,00 m³;WAL_Precast-Interior-250_RDK
1,52 m³;WAL_Precast-Interior-200_RDK
1,76 m³;WAL_Precast-Interior-250_RDK
1,57 m³;WAL_Precast-Interior-200_RDK
5,55 m³;WAL_Precast-Interior-250_RDK
6,82 m³;WAL_Precast-Interior-300_RDK
4,09 m³;WAL_Precast-Interior-200_RDK
11,79 m³;WAL_Precast-Exterior-200_RDK
5,91 m³;WAL_Precast-Exterior-200_RDK
13,29 m³;WAL_Precast-Exterior-200_RDK
3,12 m³;WAL_Precast-Exterior-200_RDK
5,96 m³;WAL_Precast-Exterior-200_RDK
5,05 m³;WAL_Precast-Exterior-250_RDK
13,68 m³;WAL_Precast-Exterior-200_RDK
17,78 m³;WAL_Precast-Exterior-200_RDK
5,61 m³;WAL_Precast-Exterior-200_RDK
11,08 m³;WAL_Precast-Exterior-200_RDK
3,26 m³;WAL_Precast-Exterior-250_RDK
1,15 m³;WAL_Precast-Exterior-200_RDK
1,38 m³;WAL_Precast-Exterior-200_RDK
9,50 m³;WAL_Precast-Exterior-200_RDK
6,14 m³;WAL_Precast-Interior-300_RDK
4,84 m³;WAL_Precast-Interior-200_RDK
5,07 m³;WAL_Precast-Interior-300_RDK
5,25 m³;WAL_Precast-Interior-300_RDK
1,93 m³;WAL_Precast-Interior-200_RDK
1,50 m³;WAL_Precast-Interior-200_RDK
1,82 m³;WAL_Precast-Interior-200_RDK
5,41 m³;WAL_Precast-Interior-200_RDK
1,88 m³;WAL_Precast-Interior-200_RDK
5,98 m³;WAL_Precast-Interior-200_RDK
4,24 m³;WAL_Precast-Interior-250_RDK
1,23 m³;WAL_Precast-Interior-200_RDK
7,38 m³;WAL_Precast-Interior-300_RDK
4,18 m³;WAL_Precast-Interior-250_RDK
4,12 m³;WAL_Precast-Interior-200_RDK
10,01 m³;WAL_Precast-Interior-250_RDK
3,83 m³;WAL_Precast-Interior-300_RDK
1,61 m³;WAL_Precast-Interior-200_RDK
1,31 m³;WAL_Precast-Interior-200_RDK
7,08 m³;WAL_Precast-Exterior-250_RDK
3,14 m³;WAL_Precast-Interior-250_RDK
10,00 m³;WAL_Precast-Interior-250_RDK
1,53 m³;WAL_Precast-Interior-200_RDK
1,74 m³;WAL_Precast-Interior-250_RDK
1,57 m³;WAL_Precast-Interior-200_RDK
5,67 m³;WAL_Precast-Interior-250_RDK
6,95 m³;WAL_Precast-Interior-300_RDK
4,10 m³;WAL_Precast-Interior-200_RDK
13,64 m³;WAL_Precast-Exterior-200_RDK
7,55 m³;WAL_Precast-Interior-300_RDK
10,68 m³;WAL_Precast-Interior-200_RDK
5,76 m³;WAL_Precast-Interior-200_RDK
13,22 m³;WAL_Precast-Interior-200_RDK
4,26 m³;WAL_Precast-Interior-300_RDK
4,81 m³;WAL_Precast-Interior-200_RDK
3,25 m³;WAL_Precast-Interior-300_RDK
3,88 m³;WAL_Precast-Interior-300_RDK
1,55 m³;WAL_Precast-Exterior-250_RDK
12,58 m³;WAL_Precast-Exterior-200_RDK
6,27 m³;WAL_Precast-Exterior-200_RDK
13,70 m³;WAL_Precast-Exterior-200_RDK
2,61 m³;WAL_Precast-Exterior-200_RDK
3,27 m³;WAL_Precast-Exterior-200_RDK
11,64 m³;WAL_Precast-Exterior-200_RDK
3,38 m³;WAL_Precast-Exterior-250_RDK
1,21 m³;WAL_Precast-Exterior-200_RDK
1,41 m³;WAL_Precast-Exterior-200_RDK
9,96 m³;WAL_Precast-Exterior-200_RDK
6,26 m³;WAL_Precast-Interior-300_RDK
4,84 m³;WAL_Precast-Interior-200_RDK
5,17 m³;WAL_Precast-Interior-300_RDK
5,55 m³;WAL_Precast-Interior-300_RDK
1,98 m³;WAL_Precast-Interior-200_RDK
1,55 m³;WAL_Precast-Interior-200_RDK
1,83 m³;WAL_Precast-Interior-200_RDK
5,38 m³;WAL_Precast-Interior-200_RDK
1,83 m³;WAL_Precast-Interior-200_RDK
6,01 m³;WAL_Precast-Interior-200_RDK
7,87 m³;WAL_Precast-Interior-250_RDK
1,23 m³;WAL_Precast-Interior-200_RDK
7,23 m³;WAL_Precast-Exterior-250_RDK
3,12 m³;WAL_Precast-Interior-250_RDK
10,08 m³;WAL_Precast-Interior-250_RDK
1,53 m³;WAL_Precast-Interior-200_RDK
1,76 m³;WAL_Precast-Interior-250_RDK
1,62 m³;WAL_Precast-Interior-200_RDK
13,86 m³;WAL_Precast-Interior-200_RDK
4,46 m³;WAL_Precast-Exterior-250_RDK
3,28 m³;WAL_Precast-Exterior-200_RDK
3,19 m³;WAL_Precast-Exterior-200_RDK
4,18 m³;WAL_Precast-Interior-200_RDK
14,88 m³;WAL_Precast-Exterior-250_RDK
7,49 m³;WAL_Precast-Exterior-300_RDK
0,75 m³;WAL_Precast-Exterior-200_RDK
6,87 m³;WAL_Precast-Exterior-300_RDK
0,75 m³;WAL_Precast-Exterior-200_RDK
6,90 m³;WAL_Precast-Exterior-300_RDK
0,75 m³;WAL_Precast-Exterior-200_RDK
6,94 m³;WAL_Precast-Exterior-300_RDK
0,80 m³;WAL_Precast-Exterior-200_RDK
7,16 m³;WAL_Precast-Exterior-300_RDK
6,45 m³;WAL_Precast-Interior-400_RDK
5,04 m³;WAL_Precast-Interior-400_RDK
3,49 m³;WAL_Precast-Interior-400_RDK
3,46 m³;WAL_Precast-Interior-400_RDK
5,10 m³;WAL_Precast-Interior-400_RDK
4,16 m³;WAL_Precast-Interior-400_RDK
4,03 m³;WAL_Precast-Interior-400_RDK
2,33 m³;WAL_Precast-Interior-400_RDK
7,57 m³;Precast sandwich_wall_Type4 670_RDK
12,63 m³;Precast sandwich_wall_Type4 670_RDK
4,39 m³;WAL_Precast-Interior-250_RDK
6,39 m³;WAL_Precast-Interior-250_RDK
6,63 m³;WAL_Precast-Interior-400_RDK
5,46 m³;WAL_Precast-Interior-400_RDK
6,52 m³;WAL_Precast-Interior-300_RDK
1,85 m³;WAL_Precast-Interior-300_RDK
1,41 m³;WAL_Precast-Interior-350_RDK
2,56 m³;WAL_Precast-Interior-350_RDK
2,56 m³;WAL_Precast-Interior-350_RDK
2,56 m³;WAL_Precast-Interior-350_RDK
2,56 m³;WAL_Precast-Interior-350_RDK
2,56 m³;WAL_Precast-Interior-350_RDK
4,80 m³;WAL_Precast-Interior-200_RDK
4,88 m³;WAL_Precast-Interior-200_RDK
11,17 m³;WAL_Precast-Interior-200_RDK
5,69 m³;WAL_Precast-Exterior-200_RDK
1,15 m³;WAL_Precast-Interior-200_RDK
5,85 m³;WAL_Precast-Interior-200_RDK
6,02 m³;WAL_Precast-Interior-400_RDK
4,54 m³;WAL_Precast-Interior-400_RDK
3,31 m³;WAL_Precast-Interior-400_RDK
3,16 m³;WAL_Precast-Interior-400_RDK
4,56 m³;WAL_Precast-Interior-400_RDK
3,91 m³;WAL_Precast-Interior-400_RDK
3,80 m³;WAL_Precast-Interior-400_RDK
2,19 m³;WAL_Precast-Interior-400_RDK
6,84 m³;Precast sandwich_wall_Type4 670_RDK
10,52 m³;Precast sandwich_wall_Type4 670_RDK
3,83 m³;WAL_Precast-Interior-250_RDK
5,87 m³;WAL_Precast-Interior-250_RDK
6,21 m³;WAL_Precast-Interior-400_RDK
5,03 m³;WAL_Precast-Interior-400_RDK
6,03 m³;WAL_Precast-Interior-300_RDK
1,62 m³;WAL_Precast-Interior-300_RDK
1,16 m³;WAL_Precast-Interior-350_RDK
2,07 m³;WAL_Precast-Interior-350_RDK
2,04 m³;WAL_Precast-Interior-350_RDK
2,08 m³;WAL_Precast-Interior-350_RDK
2,04 m³;WAL_Precast-Interior-350_RDK
2,09 m³;WAL_Precast-Interior-350_RDK
5,23 m³;WAL_Precast-Exterior-200_RDK
5,79 m³;WAL_Precast-Interior-400_RDK
4,54 m³;WAL_Precast-Interior-400_RDK
3,30 m³;WAL_Precast-Interior-400_RDK
3,18 m³;WAL_Precast-Interior-400_RDK
4,59 m³;WAL_Precast-Interior-400_RDK
3,91 m³;WAL_Precast-Interior-400_RDK
3,80 m³;WAL_Precast-Interior-400_RDK
2,19 m³;WAL_Precast-Interior-400_RDK
6,87 m³;Precast sandwich_wall_Type4 670_RDK
10,55 m³;Precast sandwich_wall_Type4 670_RDK
3,83 m³;WAL_Precast-Interior-250_RDK
5,87 m³;WAL_Precast-Interior-250_RDK
6,36 m³;WAL_Precast-Interior-400_RDK
5,03 m³;WAL_Precast-Interior-400_RDK
6,03 m³;WAL_Precast-Interior-300_RDK
1,62 m³;WAL_Precast-Interior-300_RDK
2,74 m³;Precast sandwich_wall_Type1 450_RDK
3,67 m³;Precast sandwich_wall_Type1 450_RDK
3,21 m³;Precast sandwich_wall_Type 3 200/300_RDK 2
1,82 m³;Precast sandwich_wall_Type 3 200/300_RDK 2
1,82 m³;Precast sandwich_wall_Type 3 200/300_RDK 2
2,13 m³;Precast sandwich_wall_Type 3 200/300_RDK 2
2,20 m³;Precast sandwich_wall_Type 3 300/200_RDK
2,31 m³;Precast sandwich_wall_Type 3 300/200_RDK
2,15 m³;Precast sandwich_wall_Type 3 300/200_RDK
1,60 m³;Precast sandwich_wall_Type 3 300/200_RDK
2,20 m³;Precast sandwich_wall_Type 3 300/200_RDK
6,38 m³;WAL_Precast-Exterior-120_RDK
1,82 m³;Precast sandwich_wall_Type 3 200/300_RDK 2
8,07 m³;Precast sandwich_wall_Type1 450_RDK
5,79 m³;WAL_Precast-Interior-400_RDK
4,54 m³;WAL_Precast-Interior-400_RDK
3,31 m³;WAL_Precast-Interior-400_RDK
3,19 m³;WAL_Precast-Interior-400_RDK
4,59 m³;WAL_Precast-Interior-400_RDK
3,91 m³;WAL_Precast-Interior-400_RDK
3,80 m³;WAL_Precast-Interior-400_RDK
2,19 m³;WAL_Precast-Interior-400_RDK
6,86 m³;Precast sandwich_wall_Type4 670_RDK
11,50 m³;Precast sandwich_wall_Type4 670_RDK
3,83 m³;WAL_Precast-Interior-250_RDK
5,87 m³;WAL_Precast-Interior-250_RDK
21,27 m³;WAL_Precast-Interior-300_RDK
5,05 m³;WAL_Precast-Interior-400_RDK
6,02 m³;WAL_Precast-Interior-300_RDK
1,62 m³;WAL_Precast-Interior-300_RDK
2,82 m³;Precast sandwich_wall_Type1 450_RDK
3,67 m³;Precast sandwich_wall_Type1 450_RDK
3,22 m³;Precast sandwich_wall_Type 3 200/300_RDK 2
1,82 m³;Precast sandwich_wall_Type 3 200/300_RDK 2
1,73 m³;Precast sandwich_wall_Type 3 200/300_RDK 2
1,82 m³;Precast sandwich_wall_Type 3 200/300_RDK 2
2,20 m³;Precast sandwich_wall_Type 3 200/300_RDK 2
2,20 m³;Precast sandwich_wall_Type 3 300/200_RDK
1,67 m³;Precast sandwich_wall_Type 3 300/200_RDK
2,15 m³;Precast sandwich_wall_Type 3 300/200_RDK
0,95 m³;Precast sandwich_wall_Type 3 300/200_RDK
2,20 m³;Precast sandwich_wall_Type 3 300/200_RDK
6,03 m³;WAL_Precast-Exterior-120_RDK
1,82 m³;Precast sandwich_wall_Type 3 200/300_RDK 2
8,63 m³;Precast sandwich_wall_Type1 450_RDK
5,79 m³;WAL_Precast-Interior-400_RDK
4,54 m³;WAL_Precast-Interior-400_RDK
5,12 m³;WAL_Precast-Interior-400_RDK
7,80 m³;Precast sandwich_wall_Type4 670_RDK
11,51 m³;Precast sandwich_wall_Type4 670_RDK
3,83 m³;WAL_Precast-Interior-250_RDK
5,87 m³;WAL_Precast-Interior-250_RDK
21,47 m³;WAL_Precast-Interior-300_RDK
5,02 m³;WAL_Precast-Interior-400_RDK
6,03 m³;WAL_Precast-Interior-300_RDK
1,62 m³;WAL_Precast-Interior-300_RDK
2,82 m³;Precast sandwich_wall_Type1 450_RDK
3,67 m³;Precast sandwich_wall_Type1 450_RDK
3,22 m³;Precast sandwich_wall_Type 3 200/300_RDK 2
1,82 m³;Precast sandwich_wall_Type 3 200/300_RDK 2
1,73 m³;Precast sandwich_wall_Type 3 200/300_RDK 2
1,82 m³;Precast sandwich_wall_Type 3 200/300_RDK 2
2,20 m³;Precast sandwich_wall_Type 3 200/300_RDK 2
2,20 m³;Precast sandwich_wall_Type 3 300/200_RDK
2,15 m³;Precast sandwich_wall_Type 3 300/200_RDK
1,60 m³;Precast sandwich_wall_Type 3 300/200_RDK
2,20 m³;Precast sandwich_wall_Type 3 300/200_RDK
6,38 m³;WAL_Precast-Exterior-120_RDK
1,82 m³;Precast sandwich_wall_Type 3 200/300_RDK 2
7,99 m³;Precast sandwich_wall_Type1 450_RDK
5,41 m³;WAL_Precast-Interior-400_RDK
8,98 m³;WAL_Precast-Interior-400_RDK
4,83 m³;WAL_Precast-Interior-400_RDK
3,51 m³;WAL_Precast-Interior-250_RDK
5,55 m³;WAL_Precast-Interior-250_RDK
4,82 m³;WAL_Precast-Interior-400_RDK
5,70 m³;WAL_Precast-Interior-300_RDK
1,48 m³;WAL_Precast-Interior-300_RDK
3,53 m³;Precast sandwich_wall_Type1 450_RDK
3,04 m³;Precast sandwich_wall_Type 3 200/300_RDK 2
1,72 m³;Precast sandwich_wall_Type 3 200/300_RDK 2
1,64 m³;Precast sandwich_wall_Type 3 200/300_RDK 2
1,72 m³;Precast sandwich_wall_Type 3 200/300_RDK 2
1,27 m³;Precast sandwich_wall_Type 3 200/300_RDK 2
2,00 m³;Precast sandwich_wall_Type 3 300/200_RDK
1,96 m³;Precast sandwich_wall_Type 3 300/200_RDK
2,00 m³;Precast sandwich_wall_Type 3 300/200_RDK
5,98 m³;WAL_Precast-Exterior-120_RDK
1,72 m³;Precast sandwich_wall_Type 3 200/300_RDK 2
2,31 m³;Precast sandwich_wall_Type 3 300/200_RDK
2,11 m³;Precast sandwich_wall_Type 3 300/200_RDK
1,43 m³;Precast sandwich_wall_Type 3 300/200_RDK
4,77 m³;WAL_Precast-Interior-200_RDK
4,38 m³;WAL_Precast-Interior-200_RDK
3,79 m³;WAL_Precast-Interior-200_RDK
4,21 m³;WAL_Precast-Interior-200_RDK
5,53 m³;WAL_Precast-Interior-200_RDK
2,77 m³;WAL_Precast-Interior-200_RDK
5,38 m³;WAL_Precast-Interior-200_RDK
2,25 m³;WAL_Precast-Interior-200_RDK
1,36 m³;WAL_Precast-Interior-200_RDK
2,61 m³;WAL_Precast-Interior-200_RDK
8,11 m³;Precast sandwich_wall_Type1 450_RDK
7,55 m³;WAL_Precast-Interior-400_RDK
8,98 m³;WAL_Precast-Interior-400_RDK
4,34 m³;WAL_Precast-Interior-400_RDK
9,18 m³;WAL_Precast-Interior-400_RDK
3,41 m³;WAL_Precast-Interior-250_RDK
5,55 m³;WAL_Precast-Interior-250_RDK
4,82 m³;WAL_Precast-Interior-400_RDK
5,71 m³;WAL_Precast-Interior-300_RDK
1,48 m³;WAL_Precast-Interior-300_RDK
17,54 m³;Precast sandwich_wall_Type1 450_RDK
3,53 m³;Precast sandwich_wall_Type1 450_RDK
3,04 m³;Precast sandwich_wall_Type 3 200/300_RDK 2
1,72 m³;Precast sandwich_wall_Type 3 200/300_RDK 2
1,64 m³;Precast sandwich_wall_Type 3 200/300_RDK 2
1,72 m³;Precast sandwich_wall_Type 3 200/300_RDK 2
1,27 m³;Precast sandwich_wall_Type 3 200/300_RDK 2
2,00 m³;Precast sandwich_wall_Type 3 300/200_RDK
1,96 m³;Precast sandwich_wall_Type 3 300/200_RDK
2,00 m³;Precast sandwich_wall_Type 3 300/200_RDK
5,69 m³;WAL_Precast-Exterior-120_RDK
1,72 m³;Precast sandwich_wall_Type 3 200/300_RDK 2
1,46 m³;Precast sandwich_wall_Type 3 300/200_RDK
0,78 m³;Precast sandwich_wall_Type 3 300/200_RDK
10,29 m³;WAL_Precast-Exterior-120_RDK
1,61 m³;Precast sandwich_wall_Type 2 245/225_RDK
1,61 m³;Precast sandwich_wall_Type 2 245/225_RDK
1,61 m³;Precast sandwich_wall_Type 2 245/225_RDK
1,61 m³;Precast sandwich_wall_Type 2 245/225_RDK
0,75 m³;Precast sandwich_wall_Type 2 245/225_RDK
1,61 m³;Precast sandwich_wall_Type 2 245/225_RDK
1,61 m³;Precast sandwich_wall_Type 2 245/225_RDK
1,88 m³;Precast sandwich_wall_Type 2 195/275_RDK
1,35 m³;Precast sandwich_wall_Type 2 195/275_RDK
1,35 m³;Precast sandwich_wall_Type 2 195/275_RDK
1,88 m³;Precast sandwich_wall_Type 2 195/275_RDK
4,36 m³;Precast sandwich_wall_Type 2 195/275_RDK
1,88 m³;Precast sandwich_wall_Type 2 195/275_RDK
8,53 m³;Precast sandwich_wall_Type1 450_RDK
7,59 m³;WAL_Precast-Interior-400_RDK
8,98 m³;WAL_Precast-Interior-400_RDK
4,34 m³;WAL_Precast-Interior-400_RDK
9,18 m³;WAL_Precast-Interior-400_RDK
8,77 m³;WAL_Precast-Interior-400_RDK
3,50 m³;WAL_Precast-Interior-250_RDK
5,55 m³;WAL_Precast-Interior-250_RDK
4,82 m³;WAL_Precast-Interior-400_RDK
5,73 m³;WAL_Precast-Interior-300_RDK
1,48 m³;WAL_Precast-Interior-300_RDK
17,59 m³;Precast sandwich_wall_Type1 450_RDK
3,53 m³;Precast sandwich_wall_Type1 450_RDK
1,88 m³;Precast sandwich_wall_Type 2 195/275_RDK
5,98 m³;WAL_Precast-Exterior-120_RDK
1,61 m³;Precast sandwich_wall_Type 2 245/225_RDK
1,61 m³;Precast sandwich_wall_Type 2 245/225_RDK
1,61 m³;Precast sandwich_wall_Type 2 245/225_RDK
1,61 m³;Precast sandwich_wall_Type 2 245/225_RDK
1,88 m³;Precast sandwich_wall_Type 2 195/275_RDK
1,94 m³;Precast sandwich_wall_Type 2 195/275_RDK
1,89 m³;Precast sandwich_wall_Type 2 195/275_RDK
4,36 m³;Precast sandwich_wall_Type 2 195/275_RDK
1,48 m³;Precast sandwich_wall_Type 2 245/225_RDK
1,88 m³;Precast sandwich_wall_Type 2 195/275_RDK
2,86 m³;Precast sandwich_wall_Type 2 245/225_RDK
1,62 m³;Precast sandwich_wall_Type 2 245/225_RDK
1,50 m³;Precast sandwich_wall_Type 2 245/225_RDK
1,62 m³;Precast sandwich_wall_Type 2 245/225_RDK
1,19 m³;Precast sandwich_wall_Type 2 245/225_RDK
1,62 m³;Precast sandwich_wall_Type 2 245/225_RDK
1,98 m³;Precast sandwich_wall_Type 2 195/275_RDK
1,84 m³;Precast sandwich_wall_Type 2 195/275_RDK
1,34 m³;Precast sandwich_wall_Type 2 195/275_RDK
1,88 m³;Precast sandwich_wall_Type 2 195/275_RDK
7,59 m³;WAL_Precast-Interior-400_RDK
8,98 m³;WAL_Precast-Interior-400_RDK
8,75 m³;WAL_Precast-Interior-400_RDK
4,34 m³;WAL_Precast-Interior-400_RDK
9,18 m³;WAL_Precast-Interior-400_RDK
8,77 m³;WAL_Precast-Interior-400_RDK
3,51 m³;WAL_Precast-Interior-250_RDK
5,55 m³;WAL_Precast-Interior-250_RDK
4,81 m³;WAL_Precast-Interior-400_RDK
5,71 m³;WAL_Precast-Interior-300_RDK
1,48 m³;WAL_Precast-Interior-300_RDK
16,36 m³;Precast sandwich_wall_Type1 450_RDK
1,88 m³;Precast sandwich_wall_Type 2 195/275_RDK
5,98 m³;WAL_Precast-Exterior-120_RDK
9,04 m³;WAL_Precast-Exterior-120_RDK
1,60 m³;Precast sandwich_wall_Type 2 245/225_RDK
1,61 m³;Precast sandwich_wall_Type 2 245/225_RDK
1,61 m³;Precast sandwich_wall_Type 2 245/225_RDK
1,61 m³;Precast sandwich_wall_Type 2 245/225_RDK
1,54 m³;Precast sandwich_wall_Type 2 245/225_RDK
1,61 m³;Precast sandwich_wall_Type 2 245/225_RDK
1,61 m³;Precast sandwich_wall_Type 2 245/225_RDK
1,88 m³;Precast sandwich_wall_Type 2 195/275_RDK
1,94 m³;Precast sandwich_wall_Type 2 195/275_RDK
1,94 m³;Precast sandwich_wall_Type 2 195/275_RDK
1,88 m³;Precast sandwich_wall_Type 2 195/275_RDK
2,61 m³;Precast sandwich_wall_Type 2 195/275_RDK
1,88 m³;Precast sandwich_wall_Type 2 195/275_RDK
2,86 m³;Precast sandwich_wall_Type 2 245/225_RDK
1,62 m³;Precast sandwich_wall_Type 2 245/225_RDK
1,50 m³;Precast sandwich_wall_Type 2 245/225_RDK
1,62 m³;Precast sandwich_wall_Type 2 245/225_RDK
1,19 m³;Precast sandwich_wall_Type 2 245/225_RDK
1,62 m³;Precast sandwich_wall_Type 2 245/225_RDK
1,84 m³;Precast sandwich_wall_Type 2 195/275_RDK
1,34 m³;Precast sandwich_wall_Type 2 195/275_RDK
1,88 m³;Precast sandwich_wall_Type 2 195/275_RDK
7,29 m³;Precast sandwich_wall_Type4 670_RDK
7,29 m³;Precast sandwich_wall_Type4 670_RDK
5,95 m³;Precast sandwich_wall_Type4 670_RDK
3,34 m³;Precast sandwich_wall_Type4 670_RDK
7,85 m³;Precast sandwich_wall_Type4 670_RDK
6,95 m³;Precast sandwich_wall_Type4 670_RDK
6,94 m³;Precast sandwich_wall_Type4 670_RDK
6,81 m³;Precast sandwich_wall_Type4 670_RDK
9,89 m³;Precast sandwich_wall_Type4 670_RDK
10,71 m³;Precast sandwich_wall_Type4 670_RDK
10,79 m³;Precast sandwich_wall_Type4 670_RDK
10,79 m³;Precast sandwich_wall_Type4 670_RDK
3,37 m³;WAL_Precast-Exterior-120_RDK
3,96 m³;Precast sandwich_wall_Type 2 245/225_RDK
1,20 m³;WAL_Precast-Exterior-120_RDK
3,24 m³;Precast sandwich_wall_Type 2 245/225_RDK
0,32 m³;Precast sandwich_wall_Type 2 245/225_RDK
1,65 m³;Precast sandwich_wall_Type 2 245/225_RDK
1,98 m³;Precast sandwich_wall_Type 2 195/275_RDK
1,11 m³;Precast sandwich_wall_Type 2 195/275_RDK
1,11 m³;Precast sandwich_wall_Type 2 195/275_RDK
7,56 m³;WAL_Precast-Interior-400_RDK
8,98 m³;WAL_Precast-Interior-400_RDK
8,75 m³;WAL_Precast-Interior-400_RDK
4,34 m³;WAL_Precast-Interior-400_RDK
9,15 m³;WAL_Precast-Interior-400_RDK
9,42 m³;WAL_Precast-Interior-400_RDK
8,74 m³;WAL_Precast-Interior-400_RDK
3,51 m³;WAL_Precast-Interior-250_RDK
5,55 m³;WAL_Precast-Interior-250_RDK
4,81 m³;WAL_Precast-Interior-400_RDK
5,70 m³;WAL_Precast-Interior-300_RDK
1,48 m³;WAL_Precast-Interior-300_RDK
15,20 m³;Precast sandwich_wall_Type1 450_RDK
1,88 m³;Precast sandwich_wall_Type 2 195/275_RDK
5,69 m³;WAL_Precast-Exterior-120_RDK
2,86 m³;Precast sandwich_wall_Type 2 245/225_RDK
1,62 m³;Precast sandwich_wall_Type 2 245/225_RDK
1,50 m³;Precast sandwich_wall_Type 2 245/225_RDK
1,62 m³;Precast sandwich_wall_Type 2 245/225_RDK
1,19 m³;Precast sandwich_wall_Type 2 245/225_RDK
1,62 m³;Precast sandwich_wall_Type 2 245/225_RDK
1,84 m³;Precast sandwich_wall_Type 2 195/275_RDK
0,73 m³;Precast sandwich_wall_Type 2 195/275_RDK
1,88 m³;Precast sandwich_wall_Type 2 195/275_RDK
3,38 m³;Precast sandwich_wall_Type4 670_RDK
6,81 m³;Precast sandwich_wall_Type4 670_RDK
10,79 m³;Precast sandwich_wall_Type4 670_RDK
9,52 m³;Precast sandwich_wall_Type1 450_RDK
1,57 m³;Precast sandwich_wall_Type1 450_RDK
24,98 m³;Precast sandwich_wall_Type1 450_RDK
7,66 m³;WAL_Precast-Interior-400_RDK
8,98 m³;WAL_Precast-Interior-400_RDK
4,34 m³;WAL_Precast-Interior-400_RDK
9,23 m³;WAL_Precast-Interior-400_RDK
8,83 m³;WAL_Precast-Interior-400_RDK
3,51 m³;WAL_Precast-Interior-250_RDK
5,55 m³;WAL_Precast-Interior-250_RDK
4,81 m³;WAL_Precast-Interior-400_RDK
5,74 m³;WAL_Precast-Interior-300_RDK
1,48 m³;WAL_Precast-Interior-300_RDK
16,36 m³;Precast sandwich_wall_Type1 450_RDK
1,88 m³;Precast sandwich_wall_Type 2 195/275_RDK
5,98 m³;WAL_Precast-Exterior-120_RDK
2,86 m³;Precast sandwich_wall_Type 2 245/225_RDK
1,62 m³;Precast sandwich_wall_Type 2 245/225_RDK
1,50 m³;Precast sandwich_wall_Type 2 245/225_RDK
1,62 m³;Precast sandwich_wall_Type 2 245/225_RDK
1,19 m³;Precast sandwich_wall_Type 2 245/225_RDK
1,62 m³;Precast sandwich_wall_Type 2 245/225_RDK
1,84 m³;Precast sandwich_wall_Type 2 195/275_RDK
1,88 m³;Precast sandwich_wall_Type 2 195/275_RDK
3,38 m³;Precast sandwich_wall_Type4 670_RDK
6,81 m³;Precast sandwich_wall_Type4 670_RDK
10,79 m³;Precast sandwich_wall_Type4 670_RDK
10,10 m³;Precast sandwich_wall_Type1 450_RDK
1,57 m³;Precast sandwich_wall_Type1 450_RDK
28,04 m³;Precast sandwich_wall_Type1 450_RDK
1,34 m³;Precast sandwich_wall_Type 2 195/275_RDK
1,98 m³;Precast sandwich_wall_Type 2 195/275_RDK
1,37 m³;Precast sandwich_wall_Type 2 195/275_RDK
7,63 m³;WAL_Precast-Interior-400_RDK
8,98 m³;WAL_Precast-Interior-400_RDK
8,75 m³;WAL_Precast-Interior-400_RDK
4,34 m³;WAL_Precast-Interior-400_RDK
9,24 m³;WAL_Precast-Interior-400_RDK
8,83 m³;WAL_Precast-Interior-400_RDK
3,51 m³;WAL_Precast-Interior-250_RDK
5,55 m³;WAL_Precast-Interior-250_RDK
4,81 m³;WAL_Precast-Interior-400_RDK
5,76 m³;WAL_Precast-Interior-300_RDK
1,48 m³;WAL_Precast-Interior-300_RDK
15,20 m³;Precast sandwich_wall_Type1 450_RDK
6,46 m³;WAL_Precast-Exterior-120_RDK
1,88 m³;Precast sandwich_wall_Type 2 195/275_RDK
1,96 m³;WAL_Precast-Exterior-120_RDK
1,62 m³;Precast sandwich_wall_Type 2 245/225_RDK
2,83 m³;Precast sandwich_wall_Type 2 245/225_RDK
1,62 m³;Precast sandwich_wall_Type 2 245/225_RDK
1,62 m³;Precast sandwich_wall_Type 2 245/225_RDK
1,16 m³;Precast sandwich_wall_Type 2 195/275_RDK
0,77 m³;Precast sandwich_wall_Type 2 195/275_RDK
1,81 m³;Precast sandwich_wall_Type 2 195/275_RDK
1,94 m³;Precast sandwich_wall_Type 2 195/275_RDK
2,86 m³;Precast sandwich_wall_Type 2 245/225_RDK
1,62 m³;Precast sandwich_wall_Type 2 245/225_RDK
1,50 m³;Precast sandwich_wall_Type 2 245/225_RDK
1,62 m³;Precast sandwich_wall_Type 2 245/225_RDK
1,19 m³;Precast sandwich_wall_Type 2 245/225_RDK
1,62 m³;Precast sandwich_wall_Type 2 245/225_RDK
1,84 m³;Precast sandwich_wall_Type 2 195/275_RDK
1,88 m³;Precast sandwich_wall_Type 2 195/275_RDK
3,38 m³;Precast sandwich_wall_Type4 670_RDK
6,81 m³;Precast sandwich_wall_Type4 670_RDK
10,79 m³;Precast sandwich_wall_Type4 670_RDK
9,52 m³;Precast sandwich_wall_Type1 450_RDK
1,57 m³;Precast sandwich_wall_Type1 450_RDK
24,99 m³;Precast sandwich_wall_Type1 450_RDK
1,41 m³;Precast sandwich_wall_Type 2 195/275_RDK
1,41 m³;Precast sandwich_wall_Type 2 195/275_RDK
1,62 m³;Precast sandwich_wall_Type 2 245/225_RDK
1,62 m³;Precast sandwich_wall_Type 2 245/225_RDK
0,73 m³;Precast sandwich_wall_Type 2 195/275_RDK
1,37 m³;Precast sandwich_wall_Type 2 195/275_RDK
1,94 m³;Precast sandwich_wall_Type 2 195/275_RDK
1,61 m³;Precast sandwich_wall_Type 2 245/225_RDK
0,71 m³;Precast sandwich_wall_Type 2 245/225_RDK
1,11 m³;Precast sandwich_wall_Type 2 195/275_RDK
1,61 m³;Precast sandwich_wall_Type 2 245/225_RDK
0,71 m³;Precast sandwich_wall_Type 2 245/225_RDK
1,35 m³;Precast sandwich_wall_Type 2 195/275_RDK
1,11 m³;Precast sandwich_wall_Type 2 195/275_RDK
1,61 m³;Precast sandwich_wall_Type 2 245/225_RDK
0,70 m³;Precast sandwich_wall_Type 2 245/225_RDK
1,94 m³;Precast sandwich_wall_Type 2 195/275_RDK
2,44 m³;Precast sandwich_wall_Type 2 195/275_RDK
7,65 m³;WAL_Precast-Interior-400_RDK
8,98 m³;WAL_Precast-Interior-400_RDK
8,75 m³;WAL_Precast-Interior-400_RDK
4,34 m³;WAL_Precast-Interior-400_RDK
9,24 m³;WAL_Precast-Interior-400_RDK
8,83 m³;WAL_Precast-Interior-400_RDK
3,51 m³;WAL_Precast-Interior-250_RDK
5,55 m³;WAL_Precast-Interior-250_RDK
4,81 m³;WAL_Precast-Interior-400_RDK
5,76 m³;WAL_Precast-Interior-300_RDK
1,48 m³;WAL_Precast-Interior-300_RDK
16,40 m³;Precast sandwich_wall_Type1 450_RDK
3,38 m³;Precast sandwich_wall_Type4 670_RDK
6,81 m³;Precast sandwich_wall_Type4 670_RDK
10,79 m³;Precast sandwich_wall_Type4 670_RDK
10,10 m³;Precast sandwich_wall_Type1 450_RDK
2,34 m³;Precast sandwich_wall_Type1 450_RDK
28,09 m³;Precast sandwich_wall_Type1 450_RDK
20,16 m³;Precast sandwich_wall_Type1 450_RDK
1,47 m³;Precast sandwich_wall_Type1 450(245)_RDK
6,14 m³;Precast sandwich_wall_Type1 450_RDK
7,68 m³;WAL_Precast-Interior-400_RDK
8,98 m³;WAL_Precast-Interior-400_RDK
8,75 m³;WAL_Precast-Interior-400_RDK
4,34 m³;WAL_Precast-Interior-400_RDK
9,24 m³;WAL_Precast-Interior-400_RDK
8,83 m³;WAL_Precast-Interior-400_RDK
3,51 m³;WAL_Precast-Interior-250_RDK
5,55 m³;WAL_Precast-Interior-250_RDK
4,81 m³;WAL_Precast-Interior-400_RDK
5,76 m³;WAL_Precast-Interior-300_RDK
1,48 m³;WAL_Precast-Interior-300_RDK
15,23 m³;Precast sandwich_wall_Type1 450_RDK
3,38 m³;Precast sandwich_wall_Type4 670_RDK
6,81 m³;Precast sandwich_wall_Type4 670_RDK
10,79 m³;Precast sandwich_wall_Type4 670_RDK
9,52 m³;Precast sandwich_wall_Type1 450_RDK
2,34 m³;Precast sandwich_wall_Type1 450_RDK
25,04 m³;Precast sandwich_wall_Type1 450_RDK
20,87 m³;Precast sandwich_wall_Type1 450_RDK
14,97 m³;Precast sandwich_wall_Type1 450_RDK
7,08 m³;Precast sandwich_wall_Type1 450_RDK
7,68 m³;WAL_Precast-Interior-400_RDK
8,98 m³;WAL_Precast-Interior-400_RDK
8,75 m³;WAL_Precast-Interior-400_RDK
4,34 m³;WAL_Precast-Interior-400_RDK
9,24 m³;WAL_Precast-Interior-400_RDK
8,83 m³;WAL_Precast-Interior-400_RDK
3,51 m³;WAL_Precast-Interior-250_RDK
5,55 m³;WAL_Precast-Interior-250_RDK
4,81 m³;WAL_Precast-Interior-400_RDK
5,76 m³;WAL_Precast-Interior-300_RDK
1,48 m³;WAL_Precast-Interior-300_RDK
16,40 m³;Precast sandwich_wall_Type1 450_RDK
3,38 m³;Precast sandwich_wall_Type4 670_RDK
6,81 m³;Precast sandwich_wall_Type4 670_RDK
10,77 m³;Precast sandwich_wall_Type4 670_RDK
10,10 m³;Precast sandwich_wall_Type1 450_RDK
2,34 m³;Precast sandwich_wall_Type1 450_RDK
26,72 m³;Precast sandwich_wall_Type1 450_RDK
22,04 m³;Precast sandwich_wall_Type1 450_RDK
15,56 m³;Precast sandwich_wall_Type1 450_RDK
7,08 m³;Precast sandwich_wall_Type1 450_RDK
7,98 m³;WAL_Precast-Interior-400_RDK
9,29 m³;WAL_Precast-Interior-400_RDK
4,50 m³;WAL_Precast-Interior-400_RDK
9,51 m³;WAL_Precast-Interior-400_RDK
9,06 m³;WAL_Precast-Interior-400_RDK
3,60 m³;WAL_Precast-Interior-250_RDK
5,53 m³;WAL_Precast-Interior-250_RDK
5,00 m³;WAL_Precast-Interior-400_RDK
5,97 m³;WAL_Precast-Interior-300_RDK
1,55 m³;WAL_Precast-Interior-300_RDK
15,89 m³;Precast sandwich_wall_Type1 450_RDK
3,53 m³;Precast sandwich_wall_Type4 670_RDK
7,04 m³;Precast sandwich_wall_Type4 670_RDK
11,09 m³;Precast sandwich_wall_Type4 670_RDK
9,92 m³;Precast sandwich_wall_Type1 450_RDK
2,44 m³;Precast sandwich_wall_Type1 450_RDK
26,16 m³;Precast sandwich_wall_Type1 450_RDK
21,69 m³;Precast sandwich_wall_Type1 450_RDK
15,53 m³;Precast sandwich_wall_Type1 450_RDK
7,36 m³;Precast sandwich_wall_Type1 450_RDK
2,53 m³;WAL_Precast-Interior-300_RDK
2,26 m³;WAL_Precast-Exterior-200_RDK
2,68 m³;WAL_Precast-Exterior-200_RDK
1,63 m³;WAL_Precast-Interior-200_skørt 100
4,70 m³;WAL_Precast-Exterior-200_RDK
5,23 m³;WAL_Precast-Exterior-250_RDK
3,25 m³;WAL_Precast-Interior-200_RDK
1,40 m³;WAL_Precast-Interior-200_RDK
3,54 m³;WAL_Precast-Interior-200_RDK
9,95 m³;WAL_Precast-Interior-250_RDK
1,06 m³;WAL_Precast-Interior-200_RDK
1,64 m³;WAL_Precast-Interior-200_RDK
1,54 m³;WAL_Precast-Interior-200_RDK
1,54 m³;WAL_Precast-Interior-200_RDK
1,54 m³;WAL_Precast-Interior-200_RDK
1,59 m³;WAL_Precast-Interior-200_RDK
6,68 m³;WAL_Precast-Interior-200_RDK
3,14 m³;WAL_Precast-Interior-200_RDK
4,27 m³;WAL_Precast-Interior-200_RDK
3,41 m³;WAL_Precast-Interior-200_RDK
3,21 m³;WAL_Precast-Interior-200_RDK
2,46 m³;WAL_Precast-Interior-200_RDK
2,54 m³;WAL_Precast-Interior-200_RDK
2,08 m³;WAL_Precast-Interior-200_RDK
7,15 m³;WAL_Precast-Interior-300_RDK
1,21 m³;Precast sandwich_wall_Type1 450_RDK
0,69 m³;Precast sandwich_wall_Type 2 245/225_RDK
1,95 m³;WAL_Precast-Exterior-120_RDK
7,36 m³;Precast sandwich_wall_Type4 670_RDK
7,36 m³;Precast sandwich_wall_Type4 670_RDK
8,31 m³;Precast sandwich_wall_Type4 670_RDK
8,32 m³;Precast sandwich_wall_Type4 670_RDK
8,16 m³;Precast sandwich_wall_Type4 670_RDK
0,58 m³;WAL_Precast-Exterior-200_RDK
3,78 m³;WAL_Precast-Exterior-200_RDK
1,46 m³;WAL_Precast-Exterior-200_RDK
0,76 m³;WAL_Precast-Exterior-200_RDK
3,34 m³;WAL_Precast-Exterior-200_RDK
0,93 m³;WAL_Precast-Exterior-200_RDK
2,43 m³;WAL_Precast-Exterior-200_RDK
0,98 m³;WAL_Precast-Exterior-200_RDK
0,53 m³;WAL_Precast-Exterior-200_RDK
0,97 m³;WAL_Precast-Exterior-200_RDK
0,94 m³;WAL_Precast-Exterior-200_RDK
3,44 m³;WAL_Precast-Exterior-200_RDK
4,22 m³;WAL_Precast-Exterior-200_RDK
1,72 m³;WAL_Precast-Exterior-200_RDK
3,72 m³;WAL_Precast-Exterior-200_RDK
0,59 m³;WAL_Precast-Exterior-200_RDK
0,56 m³;WAL_Precast-Exterior-200_RDK
0,42 m³;WAL_Precast-Exterior-200_RDK
0,46 m³;WAL_Precast-Exterior-200_RDK
0,23 m³;WAL_Precast-Exterior-200_RDK
2,72 m³;WAL_Precast-Exterior-200_RDK
0,93 m³;WAL_Precast-Exterior-200_RDK
3,69 m³;WAL_Precast-Interior-200_RDK
0,33 m³;WAL_Precast-Exterior-200_RDK
0,77 m³;WAL_Precast-Exterior-200_RDK
5,25 m³;WAL_Insitu-Foundation 865
16,60 m³;WAL_Insitu-Foundation 790
18,79 m³;WAL_Insitu-Foundation 790
2,21 m³;WAL_Insitu-Foundation 865
2,47 m³;WAL_Insitu-Foundation 650
2,31 m³;WAL_Insitu-Foundation-1700
2,50 m³;WAL_Insitu-Foundation 650
2,49 m³;WAL_Insitu-Foundation 650
1,88 m³;WAL_Insitu-Foundation 650
2,31 m³;WAL_Insitu-Foundation-1700
2,31 m³;WAL_Insitu-Foundation-1700
2,31 m³;WAL_Insitu-Foundation-1700
3,24 m³;WAL_Insitu-Foundation-1800
1,53 m³;WAL_Insitu-Foundation 865
2,99 m³;WAL_Insitu-Foundation 865
6,32 m³;WAL_Insitu-Foundation 865
2,04 m³;WAL_Insitu-Foundation-800_RDK
3,21 m³;WAL_Insitu-Foundation-700
3,74 m³;WAL_Insitu-Foundation 650
2,31 m³;WAL_Insitu-Foundation-1700
1,80 m³;WAL_Insitu-Foundation-1500
0,55 m³;WAL_Insitu-Foundation 650
2,62 m³;WAL_Insitu-Foundation-1600
1,00 m³;WAL_Insitu-Foundation 650
1,19 m³;WAL_Insitu-Foundation 650
1,71 m³;WAL_Insitu-Foundation 650
1,09 m³;WAL_Insitu-Foundation-800_RDK
0,30 m³;WAL_Insitu-Foundation 650
2,05 m³;WAL_Insitu-Foundation-1600
0,66 m³;WAL_Insitu-Foundation 650
9,71 m³;WAL_Insitu-Foundation 650
5,35 m³;WAL_Insitu-Foundation 650
1,53 m³;WAL_Insitu-Foundation 650
2,31 m³;WAL_Insitu-Foundation-1700
0,86 m³;WAL_Insitu-Foundation 650
0,44 m³;WAL_Insitu-Foundation 650
3,19 m³;WAL_Insitu-Foundation 650
2,70 m³;WAL_Insitu-Foundation 650
2,24 m³;WAL_Insitu-Foundation 650
1,59 m³;WAL_Insitu-Foundation 650
1,43 m³;WAL_Insitu-Foundation 650
1,83 m³;WAL_Insitu-Foundation 650
1,32 m³;WAL_Insitu-Foundation 650
1,47 m³;WAL_Insitu-Foundation 650
7,48 m³;WAL_Insitu-Foundation 865
16,06 m³;WAL_Insitu-Foundation 865
4,23 m³;WAL_Insitu-Foundation 865
10,73 m³;WAL_Insitu-Foundation 865
7,67 m³;WAL_Insitu-Foundation 865
3,97 m³;WAL_Insitu-Foundation 865
1,44 m³;WAL_Insitu-Foundation 650
5,42 m³;WAL_Insitu-Foundation 800
6,22 m³;WAL_Insitu-Foundation 800
3,90 m³;WAL_Insitu-Foundation 800
3,43 m³;WAL_Insitu-Foundation 800
6,87 m³;WAL_Insitu-Foundation 800
1,72 m³;WAL_Insitu-Foundation 650
2,31 m³;WAL_Insitu-Foundation-1700
2,31 m³;WAL_Insitu-Foundation-1700
2,00 m³;WAL_Insitu-Foundation 650
2,31 m³;WAL_Insitu-Foundation-1700
1,37 m³;WAL_Insitu-Foundation 650
3,22 m³;WAL_Insitu-Foundation-1800
12,45 m³;WAL_Insitu-Foundation-1800
1,76 m³;WAL_Insitu-Foundation-800_RDK
1,56 m³;WAL_Insitu-Foundation-800_RDK
16,51 m³;WAL_Insitu-Foundation 865
17,23 m³;WAL_Insitu-Foundation 865
7,80 m³;WAL_Insitu-Foundation 815
4,14 m³;WAL_Insitu-Foundation 865
4,92 m³;WAL_Insitu-Foundation-1710
12,15 m³;WAL_Insitu-Foundation 865
6,31 m³;WAL_Insitu-Foundation 865
2,89 m³;WAL_Insitu-Foundation 865
3,96 m³;WAL_Insitu-Foundation 800
3,24 m³;WAL_Insitu-Foundation-1800
2,31 m³;WAL_Insitu-Foundation-1700
3,24 m³;WAL_Insitu-Foundation-1800
3,24 m³;WAL_Insitu-Foundation-1800
2,38 m³;WAL_Insitu-Foundation 650
2,48 m³;WAL_Insitu-Foundation 650
1,58 m³;WAL_Insitu-Foundation 650
2,58 m³;WAL_Insitu-Foundation 650
1,22 m³;WAL_Insitu-Foundation 800
2,49 m³;WAL_Insitu-Foundation 800
3,35 m³;WAL_Insitu-Foundation 700
0,93 m³;WAL_Insitu-Foundation 650
2,69 m³;WAL_Insitu-Foundation 650
0,63 m³;WAL_Insitu-Foundation 650
3,05 m³;WAL_Insitu-Foundation-1700
1,59 m³;WAL_Insitu-Foundation-1500
2,94 m³;WAL_Insitu-Foundation 650
10,49 m³;WAL_Insitu-Foundation 650
3,19 m³;WAL_Insitu-Foundation 650
8,32 m³;WAL_Insitu-Foundation 650
33,26 m³;WAL_Insitu-Foundation-1800
20,43 m³;WAL_Insitu-Foundation-1800
10,48 m³;WAL_Insitu-Foundation-1800
31,97 m³;WAL_Insitu-Foundation-1800
5,05 m³;WAL_Insitu-Foundation-1800
30,74 m³;WAL_Insitu-Foundation-1800
19,96 m³;WAL_Insitu-Foundation-1800
32,86 m³;WAL_Insitu-Foundation-2800
6,57 m³;WAL_Insitu-Foundation-800_RDK
17,80 m³;WAL_Insitu-Foundation-1800
4,29 m³;WAL_Insitu-Foundation 865
8,07 m³;WAL_Insitu-Foundation-2600
12,67 m³;WAL_Insitu-Foundation-1800
12,67 m³;WAL_Insitu-Foundation-1800
10,08 m³;WAL_Insitu-Foundation-1800
11,65 m³;WAL_Insitu-Foundation-2800
3,51 m³;WAL_Insitu-Foundation 865
8,21 m³;WAL_Insitu-Foundation 2860
0,90 m³;WAL_Insitu-Foundation 865
2,85 m³;WAL_Insitu-Foundation 865
8,33 m³;WAL_Insitu-Foundation 2860
0,75 m³;WAL_Insitu-Foundation 865
1,13 m³;WAL_Insitu-Foundation 865
7,01 m³;WAL_Insitu-Foundation 865
5,81 m³;WAL_Insitu-Foundation 1995
0,13 m³;WAL_Insitu-Foundation 350
1,80 m³;WAL_Insitu-Foundation-1500
0,08 m³;WAL_Insitu-Foundation 350
1,80 m³;WAL_Insitu-Foundation-1500
0,08 m³;WAL_Insitu-Foundation 350
1,80 m³;WAL_Insitu-Foundation-1500
0,08 m³;WAL_Insitu-Foundation 350
1,80 m³;WAL_Insitu-Foundation-1500
0,08 m³;WAL_Insitu-Foundation 350
1,80 m³;WAL_Insitu-Foundation-1500
0,08 m³;WAL_Insitu-Foundation 350
1,80 m³;WAL_Insitu-Foundation-1500
0,08 m³;WAL_Insitu-Foundation 350
1,80 m³;WAL_Insitu-Foundation-1500
0,08 m³;WAL_Insitu-Foundation 350
1,80 m³;WAL_Insitu-Foundation-1500
0,08 m³;WAL_Insitu-Foundation 350
1,80 m³;WAL_Insitu-Foundation-1500
0,17 m³;WAL_Insitu-Foundation 350
0,17 m³;WAL_Insitu-Foundation 350
0,17 m³;WAL_Insitu-Foundation 350
0,17 m³;WAL_Insitu-Foundation 350
0,17 m³;WAL_Insitu-Foundation 350
15,95 m³;WAL_Insitu-Foundation-830_RDK
0,17 m³;WAL_Insitu-Foundation 350
0,17 m³;WAL_Insitu-Foundation 350
0,17 m³;WAL_Insitu-Foundation 350
1,66 m³;WAL_Insitu-Foundation-1500
0,33 m³;WAL_Insitu-Foundation 350
0,05 m³;WAL_Insitu-Foundation 300
3,02 m³;WAL_Insitu-Foundation 300
0,87 m³;WAL_Insitu-Foundation 300
0,56 m³;WAL_Insitu-Foundation 300
1,69 m³;WAL_Insitu-Foundation 300
0,56 m³;WAL_Insitu-Foundation 300
1,20 m³;WAL_Insitu-Foundation 300
0,05 m³;WAL_Insitu-Foundation 300
1,13 m³;WAL_Insitu-Foundation 300
0,57 m³;WAL_Insitu-Foundation 300
0,29 m³;WAL_Insitu-Foundation 300
1,26 m³;WAL_Insitu-Foundation 300
1,44 m³;WAL_Insitu-Foundation 300
0,69 m³;WAL_Insitu-Foundation 300
0,65 m³;WAL_Insitu-Foundation 250
1,08 m³;WAL_Insitu-Foundation 250
0,54 m³;WAL_Insitu-Foundation 250
0,14 m³;WAL_Insitu-Exterior-250_RDK
0,50 m³;WAL_Insitu-Foundation 300
0,22 m³;WAL_Insitu-Foundation 300
0,10 m³;WAL_Insitu-Foundation 300
0,46 m³;WAL_Insitu-Foundation 300
0,56 m³;WAL_Insitu-Foundation 300
0,45 m³;WAL_Insitu-Foundation 300
0,56 m³;WAL_Insitu-Foundation 500
0,90 m³;WAL_Insitu-Foundation 450
0,43 m³;WAL_Insitu-Foundation 400
0,16 m³;WAL_Insitu-Foundation 400
0,53 m³;WAL_Insitu-Foundation 400
0,45 m³;WAL_Insitu-Foundation 400
0,24 m³;WAL_Insitu-Foundation 400
0,75 m³;WAL_Insitu-Foundation 400
0,75 m³;WAL_Insitu-Foundation 500
0,38 m³;WAL_Insitu-Foundation 400
1,29 m³;WAL_Insitu-Foundation 400
0,08 m³;WAL_Insitu-Foundation 400
0,08 m³;WAL_Insitu-Foundation 450
0,54 m³;WAL_Insitu-Exterior-300_RDK
0,33 m³;WAL_Insitu-Exterior-200_RDK
0,12 m³;WAL_Insitu-Foundation 400
0,33 m³;WAL_Insitu-Exterior-200_RDK
0,33 m³;WAL_Insitu-Foundation 400
0,21 m³;WAL_Insitu-Foundation 400
0,19 m³;WAL_Insitu-Foundation 400
0,24 m³;WAL_Insitu-Foundation 400
0,22 m³;WAL_Insitu-Foundation 400
0,29 m³;WAL_Insitu-Foundation 400
0,21 m³;WAL_Insitu-Foundation 400
0,08 m³;WAL_Insitu-Foundation 750
0,68 m³;WAL_Insitu-Foundation 550
0,51 m³;WAL_Insitu-Foundation 400
0,45 m³;WAL_Insitu-Exterior-200_RDK
0,36 m³;WAL_Insitu-Exterior-200_RDK
0,15 m³;WAL_Insitu-Foundation 400
0,67 m³;WAL_Insitu-Foundation 400
0,42 m³;WAL_Insitu-Foundation 500
0,16 m³;WAL_Insitu-Foundation 400
0,16 m³;WAL_Insitu-Foundation 400
0,37 m³;WAL_Insitu-Foundation 500
0,44 m³;WAL_Insitu-Foundation 400
0,45 m³;WAL_Insitu-Foundation 500
0,35 m³;WAL_Insitu-Foundation 400
0,23 m³;WAL_Insitu-Foundation 400
13,26 m³;WAL_Precast-Exterior-350_RDK
0,05 m³;WAL_Insitu-Foundation 300
0,27 m³;WAL_Insitu-Foundation 400
0,15 m³;WAL_Insitu-Foundation 450
0,48 m³;WAL_Insitu-Exterior-200_RDK
0,46 m³;WAL_Insitu-Foundation 250
0,51 m³;WAL_Insitu-Foundation 450
0,23 m³;WAL_Insitu-Foundation 400
0,24 m³;WAL_Insitu-Foundation 400
0,41 m³;WAL_Insitu-Foundation 400
0,22 m³;WAL_Insitu-Foundation 400
0,39 m³;WAL_Insitu-Foundation 400
0,22 m³;WAL_Insitu-Foundation 400
0,53 m³;WAL_Insitu-Foundation 250
0,35 m³;WAL_Insitu-Foundation 400
0,31 m³;WAL_Insitu-Foundation 400
0,08 m³;WAL_Insitu-Foundation 750
0,29 m³;WAL_Insitu-Foundation 400
0,08 m³;WAL_Insitu-Foundation 750
0,32 m³;WAL_Insitu-Foundation 400
0,08 m³;WAL_Insitu-Foundation 750
0,23 m³;WAL_Insitu-Foundation 400
0,08 m³;WAL_Insitu-Foundation 740
0,05 m³;WAL_Insitu-Foundation 400
0,13 m³;WAL_Insitu-Foundation 500
0,31 m³;WAL_Insitu-Foundation 400
0,08 m³;WAL_Insitu-Foundation 750
0,39 m³;WAL_Insitu-Foundation 400
0,08 m³;WAL_Insitu-Foundation 750
0,39 m³;WAL_Insitu-Foundation 400
0,08 m³;WAL_Insitu-Foundation 750
0,38 m³;WAL_Insitu-Foundation 400
0,08 m³;WAL_Insitu-Foundation 750
0,22 m³;WAL_Insitu-Foundation 400
0,07 m³;WAL_Insitu-Foundation 400
0,08 m³;WAL_Insitu-Foundation 750
0,08 m³;WAL_Insitu-Foundation 750
0,37 m³;WAL_Insitu-Foundation 400
0,08 m³;WAL_Insitu-Foundation 750
0,39 m³;WAL_Insitu-Foundation 400
0,27 m³;WAL_Insitu-Foundation 400
0,08 m³;WAL_Insitu-Foundation 750
0,40 m³;WAL_Insitu-Foundation 400
0,08 m³;WAL_Insitu-Foundation 750
0,63 m³;WAL_Insitu-Foundation 250
0,15 m³;WAL_Insitu-Foundation 550
0,15 m³;WAL_Insitu-Foundation 550
0,15 m³;WAL_Insitu-Foundation 550
0,15 m³;WAL_Insitu-Foundation 550
0,15 m³;WAL_Insitu-Foundation 550
0,08 m³;WAL_Insitu-Foundation 550
0,87 m³;WAL_Insitu-Foundation 500
1,42 m³;WAL_Insitu-Foundation 300
1,89 m³;WAL_Insitu-Foundation 400
1,96 m³;WAL_Insitu-Foundation 400
0,57 m³;WAL_Insitu-Foundation 600
1,34 m³;WAL_Insitu-Foundation 800
1,68 m³;WAL_Insitu-Foundation 300
0,65 m³;WAL_Insitu-Foundation 600
0,05 m³;WAL_Insitu-Foundation 600
0,28 m³;WAL_Insitu-Foundation 600
0,14 m³;WAL_Insitu-Foundation 600
3,78 m³;WAL_Insitu-Foundation 400
0,57 m³;WAL_Insitu-Foundation 600
0,11 m³;WAL_Insitu-Foundation 450
0,25 m³;WAL_Insitu-Foundation 450
0,25 m³;WAL_Insitu-Foundation 450
1,76 m³;WAL_Insitu-Foundation 250
2,45 m³;WAL_Insitu-Foundation 400
1,89 m³;WAL_Insitu-Foundation 400
1,63 m³;WAL_Insitu-Foundation 300
2,55 m³;WAL_Insitu-Foundation 600
0,08 m³;WAL_Insitu-Foundation 750
0,04 m³;WAL_Insitu-Foundation 750
17,66 m³;WAL_Insitu-Foundation-1800
1,67 m³;WAL_Insitu-Foundation 650
0,08 m³;WAL_Insitu-Foundation 680
0,21 m³;WAL_Insitu-Foundation 400
0,09 m³;WAL_Insitu-Foundation 800
0,09 m³;WAL_Insitu-Foundation 400
0,09 m³;WAL_Insitu-Foundation 800
0,08 m³;WAL_Insitu-Foundation 750
0,15 m³;WAL_Insitu-Foundation 400
0,08 m³;WAL_Insitu-Foundation 750
2,80 m³;WAL_Insitu-Foundation 250
1,38 m³;WAL_Insitu-Foundation-700
2,11 m³;WAL_Insitu-Foundation-700
0,07 m³;WAL_Insitu-Foundation 865
1,05 m³;WAL_Insitu-Foundation-1500
6,00 m³;WAL_Precast-Exterior-250_RDK
1,76 m³;WAL_Precast-Exterior-250_RDK
1,54 m³;WAL_Precast-Exterior-250_RDK
0,69 m³;WAL_Insitu-Foundation 750
0,13 m³;WAL_Insitu-Foundation 400
0,22 m³;WAL_Insitu-Foundation 400
0,59 m³;WAL_Insitu-Foundation 500
3,83 m³;WAL_Insitu-Foundation-1800
5,52 m³;WAL_Insitu-Foundation-1800
9,53 m³;WAL_Insitu-Foundation 865
4,11 m³;WAL_Insitu-Foundation 800
20,27 m³;WAL_Insitu-Foundation-1800
0,34 m³;WAL_Insitu-Foundation 800
0,42 m³;WAL_Insitu-Foundation 250
0,31 m³;WAL_Insitu-Exterior-200_RDK
2,95 m³;WAL_Insitu-Foundation 800
1,53 m³;WAL_Insitu-Foundation 800
0,24 m³;WAL_Insitu-Foundation 400
0,35 m³;WAL_Insitu-Exterior-200_RDK
1,12 m³;WAL_Insitu-Foundation 800
0,07 m³;WAL_Insitu-Foundation 400
0,34 m³;WAL_Insitu-Foundation 450
0,17 m³;WAL_Insitu-Foundation 500
29,38 m³;WAL_Insitu-Foundation-1800
5,18 m³;WAL_Insitu-Foundation-1800
8,39 m³;WAL_Insitu-Foundation-2800
23,07 m³;WAL_Insitu-Foundation-2800
6,23 m³;WAL_Insitu-Foundation-1800
4,72 m³;WAL_Insitu-Foundation-800_RDK
0,07 m³;WAL_Insitu-Foundation 400
2,62 m³;WAL_Insitu-Foundation 600
0,10 m³;WAL_Insitu-Foundation 400
1,14 m³;WAL_Insitu-Foundation-800_RDK
11,94 m³;WAL_Insitu-Foundation-1600
18,72 m³;WAL_Insitu-Foundation-1800
14,70 m³;WAL_Insitu-Foundation 865
2,27 m³;WAL_Insitu-Foundation-1800
12,67 m³;WAL_Insitu-Foundation-2200
8,42 m³;WAL_Insitu-Foundation 800
2,71 m³;WAL_Insitu-Foundation 800
2,22 m³;WAL_Insitu-Foundation 650
2,44 m³;WAL_Insitu-Foundation 800
10,49 m³;WAL_Insitu-Foundation-1800
37,51 m³;WAL_Insitu-Foundation-2800
19,38 m³;WAL_Insitu-Foundation-1800
1,44 m³;WAL_Insitu-Foundation-1800
1,74 m³;WAL_Insitu-Foundation 800
0,98 m³;WAL_Insitu-Foundation 800
1,56 m³;WAL_Insitu-Foundation-800_RDK
1,81 m³;WAL_Insitu-Foundation 800
2,02 m³;WAL_Insitu-Foundation 650
8,84 m³;WAL_Precast-Interior-200_RDK
0,40 m³;WAL_Precast-Interior-200_RDK
0,36 m³;WAL_Precast-Interior-200_RDK
7,29 m³;WAL_Precast-Interior-200_RDK
0,57 m³;WAL_Insitu-Foundation 500
0,57 m³;WAL_Insitu-Foundation 500
0,57 m³;WAL_Insitu-Foundation 500
0,58 m³;WAL_Insitu-Foundation 500
0,58 m³;WAL_Insitu-Foundation 500
0,57 m³;WAL_Insitu-Foundation 500
0,57 m³;WAL_Insitu-Foundation 500
0,57 m³;WAL_Insitu-Foundation 500
81,85 m³;WAL_Precast-Exterior-300_RDK
31,98 m³;WAL_Precast-Exterior-300_RDK
8,56 m³;WAL_Precast-Exterior-220_RDK
20,68 m³;WAL_Precast-Exterior-200_RDK
5,96 m³;WAL_Precast-Exterior-200_RDK
6,67 m³;WAL_Precast-Exterior-200_RDK
5,56 m³;WAL_Precast-Exterior-200_RDK
1,87 m³;WAL_Precast-Exterior-200_RDK
2,37 m³;WAL_Precast-Exterior-200_RDK
1,91 m³;WAL_Precast-Exterior-200_RDK
23,96 m³;WAL_Precast-Exterior-300_RDK
8,44 m³;WAL_Precast-Exterior-220_RDK
5,26 m³;WAL_Precast-Exterior-200_RDK
21,86 m³;WAL_Precast-Exterior-220_RDK
11,13 m³;WAL_Precast-Exterior-220_RDK
26,18 m³;WAL_Precast-Exterior-200_RDK
6,57 m³;WAL_Precast-Exterior-200_RDK
7,80 m³;WAL_Precast-Exterior-200_RDK
6,66 m³;WAL_Precast-Exterior-200_RDK
2,19 m³;WAL_Precast-Exterior-200_RDK
2,25 m³;WAL_Precast-Exterior-200_RDK
9,79 m³;WAL_Precast-Exterior-220_RDK
1,03 m³;WAL_Insitu-Foundation 250
0,49 m³;WAL_Insitu-Foundation 250
1,15 m³;WAL_Insitu-Foundation 250
0,25 m³;WAL_Insitu-Foundation 400
2,95 m³;WAL_Insitu-Foundation 650
1,69 m³;WAL_Insitu-Foundation 650
2,18 m³;WAL_Insitu-Foundation 650
1,68 m³;WAL_Insitu-Foundation 650
10,81 m³;WAL_Precast-Exterior-220_RDK
3,77 m³;WAL_Precast-Exterior-200_RDK
1,36 m³;WAL_Precast-Exterior-200_RDK
1,68 m³;WAL_Precast-Exterior-200_RDK
1,87 m³;WAL_Precast-Exterior-200_RDK
1,51 m³;WAL_Precast-Exterior-200_RDK
3,85 m³;WAL_Insitu-Foundation 350
1,23 m³;WAL_Insitu-Foundation 350
0,77 m³;WAL_Insitu-Foundation 270
1,80 m³;WAL_Insitu-Foundation 270
0,83 m³;WAL_Insitu-Foundation 270
3,63 m³;WAL_Insitu-Foundation 400
0,85 m³;WAL_Insitu-Foundation 400
2,47 m³;WAL_Insitu-Foundation 400
0,39 m³;WAL_Insitu-Foundation 200
0,26 m³;WAL_Insitu-Foundation 400
0,35 m³;WAL_Insitu-Foundation 400
0,43 m³;WAL_Insitu-Foundation 200
1,37 m³;WAL_Insitu-Foundation 350
11,40 m³;WAL_Insitu-Foundation 800
3,84 m³;WAL_Insitu-Foundation 800
11,45 m³;WAL_Insitu-Foundation 800
2,90 m³;WAL_Insitu-Foundation 800
1,01 m³;WAL_Insitu-Foundation 800
1,35 m³;WAL_Insitu-Foundation 800
15,08 m³;WAL_Insitu-Foundation 1800
8,47 m³;WAL_Insitu-Foundation 865
12,75 m³;WAL_Insitu-Foundation 865
11,13 m³;WAL_Insitu-Foundation 865
11,20 m³;WAL_Insitu-Foundation 1800
5,99 m³;WAL_Insitu-Foundation 865
22,01 m³;WAL_Insitu-Foundation 1800
0,59 m³;WAL_Insitu-Foundation 400
0,39 m³;WAL_Insitu-Foundation 200
0,68 m³;WAL_Insitu-Foundation 270
6,25 m³;WAL_Insitu-Foundation 800
1,14 m³;WAL_Insitu-Foundation 250
4,06 m³;WAL_Precast-Interior-200_RDK
3,54 m³;WAL_Precast-Interior-200_RDK
3,57 m³;WAL_Precast-Interior-200_RDK
3,54 m³;WAL_Precast-Interior-200_RDK
3,65 m³;WAL_Precast-Interior-200_RDK
3,38 m³;WAL_Insitu-Foundation 700
0,42 m³;WAL_Insitu-Foundation 400
0,06 m³;WAL_Insitu-Foundation 300
1,54 m³;WAL_Insitu-Foundation 300
4,58 m³;WAL_Precast-Interior-200_RDK
1,23 m³;WAL_Precast-Interior-200_RDK
3,31 m³;WAL_Precast-Exterior-250_RDK
3,90 m³;WAL_Precast-Exterior-250_RDK
5,25 m³;WAL_Precast-Exterior-250_RDK
6,75 m³;WAL_Precast-Exterior-250_RDK
6,09 m³;WAL_Precast-Exterior-250_RDK
4,19 m³;WAL_Precast-Interior-300_RDK
1,91 m³;WAL_Insitu-Exterior-300_RDK
23,04 m³;WAL_Precast-Interior-300_RDK
15,72 m³;WAL_Precast-Interior-300_RDK
15,72 m³;WAL_Precast-Interior-300_RDK
0,13 m³;WAL_Precast-Interior-200_RDK
3,63 m³;WAL_Precast-Interior-300_RDK
1,70 m³;WAL_Insitu-Exterior-300_RDK
3,55 m³;WAL_Precast-Interior-300_RDK
1,70 m³;WAL_Insitu-Exterior-300_RDK
3,67 m³;WAL_Precast-Interior-300_RDK
1,76 m³;WAL_Insitu-Exterior-300_RDK
3,52 m³;WAL_Precast-Interior-400_RDK
2,59 m³;WALL_Insitu-400
2,32 m³;WALL_Insitu-400
3,34 m³;WAL_Precast-Interior-400_RDK
3,33 m³;WAL_Precast-Interior-400_RDK
3,33 m³;WAL_Precast-Interior-400_RDK
3,31 m³;WAL_Precast-Interior-400_RDK
8,55 m³;WAL_Precast-Interior-400_RDK
8,54 m³;WAL_Precast-Interior-400_RDK
8,54 m³;WAL_Precast-Interior-400_RDK
8,54 m³;WAL_Precast-Interior-400_RDK
8,53 m³;WAL_Precast-Interior-400_RDK
8,61 m³;WAL_Precast-Interior-400_RDK
8,61 m³;WAL_Precast-Interior-400_RDK
8,61 m³;WAL_Precast-Interior-400_RDK
8,89 m³;WAL_Precast-Interior-400_RDK
8,61 m³;WAL_Precast-Interior-400_RDK
2,31 m³;WALL_Insitu-400
2,31 m³;WALL_Insitu-400
8,61 m³;WAL_Precast-Interior-400_RDK
4,04 m³;WAL_Precast-Interior-400_RDK
2,61 m³;WALL_Insitu-400
3,70 m³;WAL_Precast-Interior-400_RDK
3,71 m³;WAL_Precast-Interior-400_RDK
3,71 m³;WAL_Precast-Interior-400_RDK
8,76 m³;WAL_Precast-Interior-400_RDK
8,76 m³;WAL_Precast-Interior-400_RDK
8,75 m³;WAL_Precast-Interior-400_RDK
9,07 m³;WAL_Precast-Interior-400_RDK
2,33 m³;WALL_Insitu-400
2,33 m³;WALL_Insitu-400
2,33 m³;WALL_Insitu-400
3,80 m³;WAL_Precast-Interior-400_RDK
2,33 m³;WALL_Insitu-400
4,03 m³;WAL_Precast-Interior-400_RDK
2,61 m³;WALL_Insitu-400
3,80 m³;WAL_Precast-Interior-400_RDK
3,80 m³;WAL_Precast-Interior-400_RDK
9,45 m³;WAL_Precast-Interior-400_RDK
9,45 m³;WAL_Precast-Interior-400_RDK
9,45 m³;WAL_Precast-Interior-400_RDK
9,51 m³;WAL_Precast-Interior-400_RDK
9,51 m³;WAL_Precast-Interior-400_RDK
9,51 m³;WAL_Precast-Interior-400_RDK
9,51 m³;WAL_Precast-Interior-400_RDK
9,51 m³;WAL_Precast-Interior-400_RDK
9,86 m³;WAL_Precast-Interior-400_RDK
2,33 m³;WALL_Insitu-400
2,33 m³;WALL_Insitu-400
5,04 m³;WAL_Precast-Interior-400_RDK
2,59 m³;WALL_Insitu-400
4,66 m³;WAL_Precast-Interior-400_RDK
4,66 m³;WAL_Precast-Interior-400_RDK
4,66 m³;WAL_Precast-Interior-400_RDK
2,71 m³;WAL_Precast-Interior-400_RDK
9,26 m³;WAL_Precast-Interior-400_RDK
8,77 m³;WAL_Precast-Interior-400_RDK
2,31 m³;WALL_Insitu-400
2,31 m³;WALL_Insitu-400
2,31 m³;WALL_Insitu-400
6,06 m³;WAL_Precast-Exterior-200_RDK
2,59 m³;WALL_Insitu-400
3,57 m³;WAL_Precast-Interior-400_RDK
3,37 m³;WAL_Precast-Interior-400_RDK
3,37 m³;WAL_Precast-Interior-400_RDK
3,37 m³;WAL_Precast-Interior-400_RDK
3,39 m³;WAL_Precast-Interior-400_RDK
8,67 m³;WAL_Precast-Interior-400_RDK
2,31 m³;WALL_Insitu-400
2,31 m³;WALL_Insitu-400
2,31 m³;WALL_Insitu-400
2,41 m³;WAL_Precast-Interior-400_RDK
2,21 m³;WAL_Precast-Interior-400_RDK
2,21 m³;WAL_Precast-Interior-400_RDK
2,21 m³;WAL_Precast-Interior-400_RDK
2,21 m³;WAL_Precast-Interior-400_RDK
2,14 m³;WAL_Precast-Interior-400_RDK
;Corner Joint
;Corner Joint-02
;Corner Joint-R
0,04 m³;WAL_Precast-Interior-300_RDK
0,03 m³;WAL_Precast-Interior-300_RDK
1,31 m³;WAL_Precast-Exterior-95_RDK
1,99 m³;WAL_Precast-Exterior-95_RDK
1,52 m³;WAL_Precast-Exterior-95_RDK
1,21 m³;WAL_Precast-Exterior-95_RDK
1,84 m³;WAL_Precast-Exterior-95_RDK
1,42 m³;WAL_Precast-Exterior-95_RDK
1,20 m³;WAL_Precast-Exterior-95_RDK
1,84 m³;WAL_Precast-Exterior-95_RDK
1,42 m³;WAL_Precast-Exterior-95_RDK
1,20 m³;WAL_Precast-Exterior-95_RDK
1,84 m³;WAL_Precast-Exterior-95_RDK
1,42 m³;WAL_Precast-Exterior-95_RDK
1,20 m³;WAL_Precast-Exterior-95_RDK
1,84 m³;WAL_Precast-Exterior-95_RDK
1,42 m³;WAL_Precast-Exterior-95_RDK
1,13 m³;WAL_Precast-Exterior-95_RDK
1,73 m³;WAL_Precast-Exterior-95_RDK
1,35 m³;WAL_Precast-Exterior-95_RDK
1,13 m³;WAL_Precast-Exterior-95_RDK
1,73 m³;WAL_Precast-Exterior-95_RDK
1,35 m³;WAL_Precast-Exterior-95_RDK
1,15 m³;WAL_Precast-Exterior-95_RDK
1,78 m³;WAL_Precast-Exterior-95_RDK
1,35 m³;WAL_Precast-Exterior-95_RDK
0,52 m³;WAL_Precast-Exterior-95_RDK
1,73 m³;WAL_Precast-Exterior-95_RDK
1,14 m³;WAL_Precast-Exterior-95_RDK
0,52 m³;WAL_Precast-Exterior-95_RDK
1,73 m³;WAL_Precast-Exterior-95_RDK
1,14 m³;WAL_Precast-Exterior-95_RDK
0,52 m³;WAL_Precast-Exterior-95_RDK
1,73 m³;WAL_Precast-Exterior-95_RDK
1,14 m³;WAL_Precast-Exterior-95_RDK
0,52 m³;WAL_Precast-Exterior-95_RDK
1,73 m³;WAL_Precast-Exterior-95_RDK
1,14 m³;WAL_Precast-Exterior-95_RDK
0,52 m³;WAL_Precast-Exterior-95_RDK
1,73 m³;WAL_Precast-Exterior-95_RDK
1,14 m³;WAL_Precast-Exterior-95_RDK
0,52 m³;WAL_Precast-Exterior-95_RDK
1,73 m³;WAL_Precast-Exterior-95_RDK
1,14 m³;WAL_Precast-Exterior-95_RDK
0,52 m³;WAL_Precast-Exterior-95_RDK
1,73 m³;WAL_Precast-Exterior-95_RDK
1,14 m³;WAL_Precast-Exterior-95_RDK
0,50 m³;WAL_Precast-Exterior-95_RDK
1,67 m³;WAL_Precast-Exterior-95_RDK
1,11 m³;WAL_Precast-Exterior-95_RDK
6,09 m³;WAL_Precast-Exterior-250_RDK
4,79 m³;WAL_Precast-Exterior-250_RDK
6,49 m³;WAL_Precast-Exterior-200_RDK
7,34 m³;WAL_Precast-Exterior-250_RDK
4,13 m³;WAL_Precast-Exterior-250_RDK
4,51 m³;WAL_Precast-Exterior-250_RDK
4,13 m³;WAL_Precast-Exterior-250_RDK
6,49 m³;WAL_Precast-Exterior-200_RDK
4,79 m³;WAL_Precast-Exterior-250_RDK
4,54 m³;WAL_Precast-Exterior-250_RDK
4,16 m³;WAL_Precast-Exterior-250_RDK
4,95 m³;WAL_Precast-Exterior-250_RDK
6,84 m³;WAL_Precast-Exterior-200_RDK
2,32 m³;WAL_Precast-Interior-250_RDK
6,35 m³;WAL_Precast-Exterior-250_RDK
0,57 m³;WAL_Precast-Exterior-200_RDK
0,92 m³;WAL_Precast-Exterior-200_RDK
2,06 m³;WAL_Precast-Exterior-200_RDK
0,93 m³;WAL_Precast-Exterior-200_RDK
0,56 m³;WAL_Precast-Exterior-200_RDK
5,98 m³;WAL_Precast-Interior-200_RDK
13,06 m³;WAL_Precast-Exterior-250_RDK
0,15 m³;WAL_Precast-Exterior-50_RDK
0,15 m³;WAL_Precast-Exterior-50_RDK
0,15 m³;WAL_Precast-Exterior-50_RDK
0,03 m³;WAL_Precast-Exterior-50_RDK
0,07 m³;WAL_Precast-Exterior-50_RDK
0,07 m³;WAL_Precast-Exterior-50_RDK
0,07 m³;WAL_Precast-Exterior-50_RDK
0,09 m³;WAL_Precast-Exterior-50_RDK
0,07 m³;WAL_Precast-Exterior-50_RDK
0,07 m³;WAL_Precast-Exterior-50_RDK
0,07 m³;WAL_Precast-Exterior-50_RDK
0,07 m³;WAL_Precast-Exterior-50_RDK
0,10 m³;WAL_Precast-Exterior-50_RDK
0,05 m³;WAL_Precast-Exterior-50_RDK
0,10 m³;WAL_Precast-Exterior-50_RDK
0,05 m³;WAL_Precast-Exterior-50_RDK
0,13 m³;WAL_Precast-Exterior-50_RDK
0,06 m³;WAL_Precast-Exterior-50_RDK
0,10 m³;WAL_Precast-Exterior-50_RDK
0,05 m³;WAL_Precast-Exterior-50_RDK
0,03 m³;WAL_Precast-Exterior-50_RDK
0,03 m³;WAL_Precast-Exterior-50_RDK
0,03 m³;WAL_Precast-Exterior-50_RDK
0,03 m³;WAL_Precast-Exterior-50_RDK
0,03 m³;WAL_Precast-Exterior-50_RDK
0,05 m³;WAL_Precast-Exterior-50_RDK
0,05 m³;WAL_Precast-Exterior-50_RDK
0,05 m³;WAL_Precast-Exterior-50_RDK
0,05 m³;WAL_Precast-Exterior-50_RDK
0,05 m³;WAL_Precast-Exterior-50_RDK
0,05 m³;WAL_Precast-Exterior-50_RDK
0,05 m³;WAL_Precast-Exterior-50_RDK
0,05 m³;WAL_Precast-Exterior-50_RDK
0,05 m³;WAL_Precast-Exterior-50_RDK
0,05 m³;WAL_Precast-Exterior-50_RDK
7,77 m³;WAL_Precast-Interior-250_RDK
4,10 m³;WAL_Precast-Interior-250_RDK
2,29 m³;WAL_Precast-Exterior-250_RDK
3,75 m³;Precast sandwich_wall_Type 2 195/275_RDK
1,55 m³;Precast sandwich_wall_Type 2 245/225_RDK
1,61 m³;Precast sandwich_wall_Type 2 245/225_RDK
1,94 m³;Precast sandwich_wall_Type 2 195/275_RDK
4,08 m³;Precast sandwich_wall_Type 2 195/275_RDK
1,61 m³;Precast sandwich_wall_Type 2 245/225_RDK
3,04 m³;Precast sandwich_wall_Type1 450_RDK
9,09 m³;WAL_Precast-Exterior-120_RDK
1,59 m³;Precast sandwich_wall_Type 2 245/225_RDK
1,59 m³;Precast sandwich_wall_Type 2 245/225_RDK
1,59 m³;Precast sandwich_wall_Type 2 245/225_RDK
1,59 m³;Precast sandwich_wall_Type 2 245/225_RDK
1,46 m³;Precast sandwich_wall_Type 2 245/225_RDK
1,59 m³;Precast sandwich_wall_Type 2 245/225_RDK
1,59 m³;Precast sandwich_wall_Type 2 245/225_RDK
1,83 m³;Precast sandwich_wall_Type 2 195/275_RDK
1,88 m³;Precast sandwich_wall_Type 2 195/275_RDK
1,88 m³;Precast sandwich_wall_Type 2 195/275_RDK
1,83 m³;Precast sandwich_wall_Type 2 195/275_RDK
4,18 m³;Precast sandwich_wall_Type 2 195/275_RDK
1,83 m³;Precast sandwich_wall_Type 2 195/275_RDK
1,59 m³;Precast sandwich_wall_Type 2 245/225_RDK
1,41 m³;Precast sandwich_wall_Type 2 245/225_RDK
1,88 m³;Precast sandwich_wall_Type 2 195/275_RDK
1,07 m³;Precast sandwich_wall_Type 2 195/275_RDK
4,01 m³;Precast sandwich_wall_Type 2 195/275_RDK
1,59 m³;Precast sandwich_wall_Type 2 245/225_RDK
1,61 m³;Precast sandwich_wall_Type 2 245/225_RDK
2,16 m³;Precast sandwich_wall_Type 2 195/275_RDK
2,73 m³;Precast sandwich_wall_Type 2 245/225_RDK
9,08 m³;WAL_Precast-Exterior-120_RDK
1,62 m³;Precast sandwich_wall_Type 2 245/225_RDK
2,84 m³;Precast sandwich_wall_Type 2 245/225_RDK
1,62 m³;Precast sandwich_wall_Type 2 245/225_RDK
1,62 m³;Precast sandwich_wall_Type 2 245/225_RDK
1,16 m³;Precast sandwich_wall_Type 2 195/275_RDK
1,38 m³;Precast sandwich_wall_Type 2 195/275_RDK
1,81 m³;Precast sandwich_wall_Type 2 195/275_RDK
1,94 m³;Precast sandwich_wall_Type 2 195/275_RDK
2,02 m³;Precast sandwich_wall_Type 2 195/275_RDK
2,02 m³;Precast sandwich_wall_Type 2 195/275_RDK
1,62 m³;Precast sandwich_wall_Type 2 245/225_RDK
1,62 m³;Precast sandwich_wall_Type 2 245/225_RDK
1,61 m³;Precast sandwich_wall_Type 2 245/225_RDK
2,16 m³;Precast sandwich_wall_Type 2 195/275_RDK
2,73 m³;Precast sandwich_wall_Type 2 245/225_RDK
8,64 m³;WAL_Precast-Exterior-120_RDK
1,62 m³;Precast sandwich_wall_Type 2 245/225_RDK
2,84 m³;Precast sandwich_wall_Type 2 245/225_RDK
1,62 m³;Precast sandwich_wall_Type 2 245/225_RDK
1,62 m³;Precast sandwich_wall_Type 2 245/225_RDK
1,16 m³;Precast sandwich_wall_Type 2 195/275_RDK
0,77 m³;Precast sandwich_wall_Type 2 195/275_RDK
1,81 m³;Precast sandwich_wall_Type 2 195/275_RDK
1,94 m³;Precast sandwich_wall_Type 2 195/275_RDK
1,41 m³;Precast sandwich_wall_Type 2 195/275_RDK
1,41 m³;Precast sandwich_wall_Type 2 195/275_RDK
1,62 m³;Precast sandwich_wall_Type 2 245/225_RDK
1,62 m³;Precast sandwich_wall_Type 2 245/225_RDK
1,61 m³;Precast sandwich_wall_Type 2 245/225_RDK
2,16 m³;Precast sandwich_wall_Type 2 195/275_RDK
2,73 m³;Precast sandwich_wall_Type 2 245/225_RDK
8,74 m³;WAL_Precast-Exterior-120_RDK
1,62 m³;Precast sandwich_wall_Type 2 245/225_RDK
2,84 m³;Precast sandwich_wall_Type 2 245/225_RDK
1,62 m³;Precast sandwich_wall_Type 2 245/225_RDK
1,62 m³;Precast sandwich_wall_Type 2 245/225_RDK
1,16 m³;Precast sandwich_wall_Type 2 195/275_RDK
1,38 m³;Precast sandwich_wall_Type 2 195/275_RDK
1,81 m³;Precast sandwich_wall_Type 2 195/275_RDK
1,94 m³;Precast sandwich_wall_Type 2 195/275_RDK
2,02 m³;Precast sandwich_wall_Type 2 195/275_RDK
2,02 m³;Precast sandwich_wall_Type 2 195/275_RDK
1,62 m³;Precast sandwich_wall_Type 2 245/225_RDK
1,62 m³;Precast sandwich_wall_Type 2 245/225_RDK
1,61 m³;Precast sandwich_wall_Type 2 245/225_RDK
2,16 m³;Precast sandwich_wall_Type 2 195/275_RDK
2,73 m³;Precast sandwich_wall_Type 2 245/225_RDK
9,33 m³;WAL_Precast-Exterior-120_RDK
1,39 m³;Precast sandwich_wall_Type 3 300/200_RDK
1,63 m³;Precast sandwich_wall_Type 3 300/200_RDK
2,11 m³;Precast sandwich_wall_Type 3 300/200_RDK
2,26 m³;Precast sandwich_wall_Type 3 300/200_RDK
2,35 m³;Precast sandwich_wall_Type 3 300/200_RDK
2,35 m³;Precast sandwich_wall_Type 3 300/200_RDK
2,43 m³;Precast sandwich_wall_Type 3 300/200_RDK
8,75 m³;WAL_Precast-Exterior-120_RDK
1,39 m³;Precast sandwich_wall_Type 3 300/200_RDK
0,98 m³;Precast sandwich_wall_Type 3 300/200_RDK
2,11 m³;Precast sandwich_wall_Type 3 300/200_RDK
2,26 m³;Precast sandwich_wall_Type 3 300/200_RDK
1,70 m³;Precast sandwich_wall_Type 3 300/200_RDK
1,70 m³;Precast sandwich_wall_Type 3 300/200_RDK
2,43 m³;Precast sandwich_wall_Type 3 300/200_RDK
9,02 m³;WAL_Precast-Exterior-120_RDK
1,62 m³;Precast sandwich_wall_Type 2 245/225_RDK
2,84 m³;Precast sandwich_wall_Type 2 245/225_RDK
1,62 m³;Precast sandwich_wall_Type 2 245/225_RDK
1,62 m³;Precast sandwich_wall_Type 2 245/225_RDK
1,16 m³;Precast sandwich_wall_Type 2 195/275_RDK
1,38 m³;Precast sandwich_wall_Type 2 195/275_RDK
1,81 m³;Precast sandwich_wall_Type 2 195/275_RDK
1,94 m³;Precast sandwich_wall_Type 2 195/275_RDK
2,02 m³;Precast sandwich_wall_Type 2 195/275_RDK
2,02 m³;Precast sandwich_wall_Type 2 195/275_RDK
1,62 m³;Precast sandwich_wall_Type 2 245/225_RDK
1,62 m³;Precast sandwich_wall_Type 2 245/225_RDK
1,61 m³;Precast sandwich_wall_Type 2 245/225_RDK
2,16 m³;Precast sandwich_wall_Type 2 195/275_RDK
2,73 m³;Precast sandwich_wall_Type 2 245/225_RDK
8,74 m³;WAL_Precast-Exterior-120_RDK
0,95 m³;Precast sandwich_wall_Type 2 245/225_RDK
1,62 m³;Precast sandwich_wall_Type 2 245/225_RDK
2,84 m³;Precast sandwich_wall_Type 2 245/225_RDK
1,62 m³;Precast sandwich_wall_Type 2 245/225_RDK
1,62 m³;Precast sandwich_wall_Type 2 245/225_RDK
1,16 m³;Precast sandwich_wall_Type 2 195/275_RDK
1,38 m³;Precast sandwich_wall_Type 2 195/275_RDK
1,81 m³;Precast sandwich_wall_Type 2 195/275_RDK
1,94 m³;Precast sandwich_wall_Type 2 195/275_RDK
2,02 m³;Precast sandwich_wall_Type 2 195/275_RDK
2,02 m³;Precast sandwich_wall_Type 2 195/275_RDK
1,62 m³;Precast sandwich_wall_Type 2 245/225_RDK
1,62 m³;Precast sandwich_wall_Type 2 245/225_RDK
1,61 m³;Precast sandwich_wall_Type 2 245/225_RDK
2,16 m³;Precast sandwich_wall_Type 2 195/275_RDK
2,73 m³;Precast sandwich_wall_Type 2 245/225_RDK
8,16 m³;WAL_Precast-Exterior-120_RDK
1,62 m³;Precast sandwich_wall_Type 2 245/225_RDK
2,84 m³;Precast sandwich_wall_Type 2 245/225_RDK
1,62 m³;Precast sandwich_wall_Type 2 245/225_RDK
1,62 m³;Precast sandwich_wall_Type 2 245/225_RDK
1,16 m³;Precast sandwich_wall_Type 2 195/275_RDK
0,77 m³;Precast sandwich_wall_Type 2 195/275_RDK
1,81 m³;Precast sandwich_wall_Type 2 195/275_RDK
1,94 m³;Precast sandwich_wall_Type 2 195/275_RDK
1,41 m³;Precast sandwich_wall_Type 2 195/275_RDK
1,41 m³;Precast sandwich_wall_Type 2 195/275_RDK
1,62 m³;Precast sandwich_wall_Type 2 245/225_RDK
1,62 m³;Precast sandwich_wall_Type 2 245/225_RDK
1,61 m³;Precast sandwich_wall_Type 2 245/225_RDK
2,16 m³;Precast sandwich_wall_Type 2 195/275_RDK
2,73 m³;Precast sandwich_wall_Type 2 245/225_RDK
8,24 m³;WAL_Precast-Exterior-120_RDK
1,39 m³;Precast sandwich_wall_Type 3 300/200_RDK
1,63 m³;Precast sandwich_wall_Type 3 300/200_RDK
2,11 m³;Precast sandwich_wall_Type 3 300/200_RDK
2,26 m³;Precast sandwich_wall_Type 3 300/200_RDK
2,35 m³;Precast sandwich_wall_Type 3 300/200_RDK
2,35 m³;Precast sandwich_wall_Type 3 300/200_RDK
2,43 m³;Precast sandwich_wall_Type 3 300/200_RDK
1,73 m³;Precast sandwich_wall_Type 3 200/300_RDK 2
0,05 m³;WAL_Precast-Exterior-50_RDK
0,06 m³;WAL_Precast-Exterior-50_RDK
0,06 m³;WAL_Precast-Exterior-50_RDK
0,06 m³;WAL_Precast-Exterior-50_RDK
0,06 m³;WAL_Precast-Exterior-50_RDK
0,06 m³;WAL_Precast-Exterior-50_RDK
0,06 m³;WAL_Precast-Exterior-50_RDK
0,06 m³;WAL_Precast-Exterior-50_RDK
0,06 m³;WAL_Precast-Exterior-50_RDK
0,06 m³;WAL_Precast-Exterior-50_RDK
0,03 m³;WAL_Precast-Exterior-50_RDK
0,00 m³;WAL_Precast-Exterior-50_RDK
0,03 m³;WAL_Precast-Exterior-50_RDK
0,00 m³;WAL_Precast-Exterior-50_RDK
0,03 m³;WAL_Precast-Exterior-50_RDK
0,00 m³;WAL_Precast-Exterior-50_RDK
0,03 m³;WAL_Precast-Exterior-50_RDK
0,00 m³;WAL_Precast-Exterior-50_RDK
0,03 m³;WAL_Precast-Exterior-50_RDK
0,00 m³;WAL_Precast-Exterior-50_RDK
0,03 m³;WAL_Precast-Exterior-50_RDK
0,00 m³;WAL_Precast-Exterior-50_RDK
0,03 m³;WAL_Precast-Exterior-50_RDK
0,03 m³;WAL_Precast-Exterior-50_RDK
0,06 m³;WAL_Precast-Exterior-50_RDK
0,06 m³;WAL_Precast-Exterior-50_RDK
0,06 m³;WAL_Precast-Exterior-50_RDK
0,06 m³;WAL_Precast-Exterior-50_RDK
0,06 m³;WAL_Precast-Exterior-50_RDK
0,06 m³;WAL_Precast-Exterior-50_RDK
0,06 m³;WAL_Precast-Exterior-50_RDK
0,06 m³;WAL_Precast-Exterior-50_RDK
0,06 m³;WAL_Precast-Exterior-50_RDK
0,06 m³;WAL_Precast-Exterior-50_RDK
0,06 m³;WAL_Precast-Exterior-50_RDK
0,06 m³;WAL_Precast-Exterior-50_RDK
0,06 m³;WAL_Precast-Exterior-50_RDK
0,06 m³;WAL_Precast-Exterior-50_RDK
0,06 m³;WAL_Precast-Exterior-50_RDK
0,06 m³;WAL_Precast-Exterior-50_RDK
0,06 m³;WAL_Precast-Exterior-50_RDK
0,06 m³;WAL_Precast-Exterior-50_RDK
0,06 m³;WAL_Precast-Exterior-50_RDK
0,06 m³;WAL_Precast-Exterior-50_RDK
13,58 m³;WAL_Precast-Exterior-200_RDK
0,03 m³;WAL_Precast-Exterior-50_RDK
0,03 m³;WAL_Precast-Exterior-50_RDK
0,04 m³;WAL_Precast-Exterior-50_RDK
0,09 m³;WAL_Precast-Exterior-50_RDK
22,60 m³;WAL_Insitu-Foundation-1800
10,84 m³;WAL_Insitu-Foundation-1800
2,27 m³;WAL_Insitu-Foundation 600
1,62 m³;WAL_Precast-Exterior-120_RDK
0,50 m³;WAL_Precast-Exterior-120_RDK
1,55 m³;WAL_Precast-Exterior-120_RDK
2,94 m³;WAL_Precast-Exterior-120_RDK
1,55 m³;WAL_Precast-Exterior-120_RDK
3,36 m³;WAL_Precast-Exterior-120_RDK
3,30 m³;WAL_Precast-Exterior-200_RDK
1,47 m³;WAL_Precast-Exterior-120_RDK
3,10 m³;WAL_Precast-Exterior-120_RDK
1,47 m³;WAL_Precast-Exterior-120_RDK
2,96 m³;WAL_Precast-Exterior-120_RDK
1,47 m³;WAL_Precast-Exterior-120_RDK
3,98 m³;WAL_Precast-Exterior-120_RDK
3,29 m³;WAL_Precast-Exterior-120_RDK
1,14 m³;WAL_Precast-Exterior-120_RDK
3,43 m³;WAL_Precast-Exterior-120_RDK
1,14 m³;WAL_Precast-Exterior-120_RDK
3,29 m³;WAL_Precast-Exterior-120_RDK
1,14 m³;WAL_Precast-Exterior-120_RDK
3,43 m³;WAL_Precast-Exterior-120_RDK
1,20 m³;WAL_Precast-Exterior-120_RDK
3,29 m³;WAL_Precast-Exterior-120_RDK
1,20 m³;WAL_Precast-Exterior-120_RDK
3,43 m³;WAL_Precast-Exterior-120_RDK
1,20 m³;WAL_Precast-Exterior-120_RDK
4,18 m³;WAL_Precast-Exterior-120_RDK
1,53 m³;WAL_Precast-Exterior-120_RDK
8,22 m³;WAL_Precast-Exterior-120_RDK
8,22 m³;WAL_Precast-Exterior-120_RDK
8,22 m³;WAL_Precast-Exterior-120_RDK
10,78 m³;WAL_Precast-Exterior-120_RDK
8,98 m³;WAL_Precast-Exterior-120_RDK
8,98 m³;WAL_Precast-Exterior-120_RDK
8,64 m³;WAL_Precast-Exterior-120_RDK
0,94 m³;WAL_Precast-Exterior-120_RDK
5,35 m³;WAL_Precast-Exterior-120_RDK
5,35 m³;WAL_Precast-Exterior-120_RDK
4,97 m³;WAL_Precast-Exterior-120_RDK
4,97 m³;WAL_Precast-Exterior-120_RDK
5,08 m³;WAL_Precast-Exterior-120_RDK
5,08 m³;WAL_Precast-Exterior-120_RDK
4,68 m³;WAL_Precast-Exterior-120_RDK
4,68 m³;WAL_Precast-Exterior-120_RDK
4,79 m³;WAL_Precast-Exterior-120_RDK
6,27 m³;WAL_Precast-Exterior-120_RDK
6,73 m³;WAL_Precast-Exterior-120_RDK
1,96 m³;WAL_Precast-Exterior-120_RDK
4,57 m³;WAL_Precast-Exterior-120_RDK
6,73 m³;WAL_Precast-Exterior-120_RDK
2,55 m³;WAL_Precast-Exterior-120_RDK
4,57 m³;WAL_Precast-Exterior-120_RDK
6,44 m³;WAL_Precast-Exterior-120_RDK
2,55 m³;WAL_Precast-Exterior-120_RDK
4,42 m³;WAL_Precast-Exterior-120_RDK
8,26 m³;WAL_Precast-Exterior-120_RDK
3,27 m³;WAL_Precast-Exterior-120_RDK
5,63 m³;WAL_Precast-Exterior-120_RDK
0,90 m³;WAL_Precast-Exterior-120_RDK
0,95 m³;WAL_Precast-Exterior-120_RDK
0,90 m³;WAL_Precast-Exterior-120_RDK
0,10 m³;WAL_Precast-Interior-100_RDK
0,10 m³;WAL_Precast-Interior-100_RDK
0,08 m³;WAL_Precast-Interior-100_RDK
0,09 m³;WAL_Precast-Interior-100_RDK
0,08 m³;WAL_Precast-Interior-100_RDK
0,06 m³;WAL_Precast-Interior-100_RDK
0,89 m³;Precast sandwich_wall_Type 3 200/300_RDK 2
1,82 m³;Precast sandwich_wall_Type 3 200/300_RDK 2
3,20 m³;Precast sandwich_wall_Type 3 200/300_RDK 2
1,82 m³;Precast sandwich_wall_Type 3 200/300_RDK 2
1,82 m³;Precast sandwich_wall_Type 3 200/300_RDK 2
1,74 m³;Precast sandwich_wall_Type 3 200/300_RDK 2
1,74 m³;Precast sandwich_wall_Type 3 200/300_RDK 2
3,07 m³;Precast sandwich_wall_Type 3 200/300_RDK 2
1,82 m³;Precast sandwich_wall_Type 3 200/300_RDK 2
3,20 m³;Precast sandwich_wall_Type 3 200/300_RDK 2
1,82 m³;Precast sandwich_wall_Type 3 200/300_RDK 2
1,82 m³;Precast sandwich_wall_Type 3 200/300_RDK 2
1,82 m³;Precast sandwich_wall_Type 3 200/300_RDK 2
1,82 m³;Precast sandwich_wall_Type 3 200/300_RDK 2
3,07 m³;Precast sandwich_wall_Type 3 200/300_RDK 2
0,90 m³;Precast sandwich_wall_Type 3 200/300_RDK 2
1,82 m³;Precast sandwich_wall_Type 3 200/300_RDK 2
3,20 m³;Precast sandwich_wall_Type 3 200/300_RDK 2
1,82 m³;Precast sandwich_wall_Type 3 200/300_RDK 2
1,82 m³;Precast sandwich_wall_Type 3 200/300_RDK 2
1,82 m³;Precast sandwich_wall_Type 3 200/300_RDK 2
1,82 m³;Precast sandwich_wall_Type 3 200/300_RDK 2
0,90 m³;Precast sandwich_wall_Type 3 200/300_RDK 2
3,07 m³;Precast sandwich_wall_Type 3 200/300_RDK 2
1,79 m³;Precast sandwich_wall_Type 3 300/200_RDK
1,08 m³;Precast sandwich_wall_Type 3 200/300_RDK 2
1,14 m³;Precast sandwich_wall_Type 3 300/200_RDK
1,08 m³;Precast sandwich_wall_Type 3 200/300_RDK 2
1,79 m³;Precast sandwich_wall_Type 3 300/200_RDK
1,08 m³;Precast sandwich_wall_Type 3 200/300_RDK 2
2,74 m³;WAL_Precast-Exterior-120_RDK
4,08 m³;WAL_Precast-Exterior-120_RDK
1,52 m³;Precast sandwich_wall_Type 2 195/275_RDK
0,95 m³;Precast sandwich_wall_Type 2 245/225_RDK
0,91 m³;Precast sandwich_wall_Type 2 195/275_RDK
0,95 m³;Precast sandwich_wall_Type 2 245/225_RDK
1,52 m³;Precast sandwich_wall_Type 2 195/275_RDK
0,83 m³;Precast sandwich_wall_Type 2 245/225_RDK
2,85 m³;Precast sandwich_wall_Type 2 195/275_RDK
0,83 m³;Precast sandwich_wall_Type 2 245/225_RDK
2,85 m³;Precast sandwich_wall_Type 2 195/275_RDK
0,83 m³;Precast sandwich_wall_Type 2 245/225_RDK
2,85 m³;Precast sandwich_wall_Type 2 195/275_RDK
0,83 m³;Precast sandwich_wall_Type 2 245/225_RDK
2,85 m³;Precast sandwich_wall_Type 2 195/275_RDK
0,85 m³;WAL_Insitu-Foundation 865
0,39 m³;WAL_Precast-Interior-200_RDK
0,29 m³;WAL_Precast-Interior-200_RDK
0,66 m³;WAL_Precast-Exterior-170_RDK
0,71 m³;WAL_Precast-Exterior-170_RDK
0,50 m³;WAL_Precast-Exterior-120_RDK
0,71 m³;WAL_Precast-Exterior-170_RDK
0,08 m³;WAL_Insitu-Foundation 270
3,23 m³;WAL_Insitu-Foundation 865
0,33 m³;Walls Insulation
0,37 m³;Walls Insulation
0,33 m³;Walls Insulation
0,33 m³;Walls Insulation
0,33 m³;Walls Insulation
0,33 m³;Walls Insulation
0,33 m³;Walls Insulation
0,33 m³;Walls Insulation
0,47 m³;WAL_Insitu-Exterior-250_RDK
2,61 m³;WALL_Insitu-400
2,92 m³;WAL_Precast-Interior-400_RDK
2,33 m³;WALL_Insitu-400
2,62 m³;WAL_Precast-Interior-400_RDK
2,63 m³;WAL_Precast-Interior-400_RDK
2,62 m³;WAL_Precast-Interior-400_RDK
0,72 m³;WAL_Insitu-Foundation 500
0,63 m³;WAL_Insitu-Foundation 500
0,63 m³;WAL_Insitu-Foundation 500
0,11 m³;WAL_Insitu-Foundation 700
0,39 m³;WAL_Insitu-Exterior-200_RDK
0,01 m³;WAL_Precast-Exterior-50_RDK
0,01 m³;WAL_Precast-Exterior-50_RDK
0,01 m³;WAL_Precast-Exterior-50_RDK
0,01 m³;WAL_Precast-Exterior-50_RDK
0,01 m³;WAL_Precast-Exterior-50_RDK
0,01 m³;WAL_Precast-Exterior-50_RDK
0,01 m³;WAL_Precast-Exterior-50_RDK
0,09 m³;WAL_Precast-Exterior-50_RDK
0,01 m³;WAL_Precast-Exterior-50_RDK
0,01 m³;WAL_Precast-Exterior-50_RDK
0,01 m³;WAL_Precast-Exterior-50_RDK
0,01 m³;WAL_Precast-Exterior-50_RDK
0,01 m³;WAL_Precast-Exterior-50_RDK
0,00 m³;WAL_Precast-Exterior-50_RDK
0,00 m³;WAL_Precast-Exterior-50_RDK
0,00 m³;WAL_Precast-Exterior-50_RDK
2,59 m³;WAL_Precast-Interior-200_RDK
1,20 m³;WAL_Precast-Interior-200_RDK
1,04 m³;WAL_Precast-Interior-200_RDK
5,06 m³;WAL_Insitu-Foundation 865
1,96 m³;WAL_Insitu-Foundation 865
2,79 m³;WAL_Insitu-Foundation 650
1,75 m³;WAL_Insitu-Foundation 650
0,01 m³;WAL_Precast-Exterior-50_RDK
0,49 m³;WAL_Insitu-Foundation 650
1,88 m³;Precast sandwich_wall_Type1 450(245)_RDK
14,08 m³;Precast sandwich_wall_Type1 450_RDK
2,47 m³;WAL_Insitu-Foundation 865
4,63 m³;WAL_Insitu-Foundation 865
0,71 m³;WAL_Insitu-Foundation 250
0,02 m³;WAL_Insitu-Foundation 250
1,31 m³;WAL_Insitu-Foundation 250
0,35 m³;WAL_Insitu-Foundation 250
1,81 m³;WAL_Insitu-Foundation 500
0,95 m³;WAL_Insitu-Foundation 500
1,81 m³;WAL_Insitu-Foundation 500
0,72 m³;WAL_Insitu-Foundation 500
0,49 m³;WAL_Insitu-Foundation 500
0,27 m³;WAL_Insitu-Foundation 400
0,68 m³;WAL_Insitu-Foundation 550
3,80 m³;WAL_Precast-Interior-400_RDK
9,45 m³;WAL_Precast-Interior-400_RDK
3,18 m³;WAL_Precast-Interior-400_RDK
8,27 m³;WAL_Precast-Interior-400_RDK
9,10 m³;WAL_Precast-Exterior-120_RDK
0,66 m³;WAL_Precast-Exterior-170_RDK
0,30 m³;WAL_Precast-Exterior-120_RDK
5,18 m³;WAL_Insitu-Foundation 800
1,76 m³;WAL_Insitu-Foundation 800
2,60 m³;WAL_Insitu-Foundation 865
17,93 m³;WAL_Precast-Exterior-200_RDK
1,35 m³;WAL_Precast-Exterior-250_RDK
1,00 m³;WAL_Insitu-Foundation 300
0,20 m³;WAL_Insitu-Foundation 300
0,20 m³;WAL_Insitu-Foundation 300
1,00 m³;WAL_Insitu-Foundation 300
1,00 m³;WAL_Insitu-Foundation 300
0,20 m³;WAL_Insitu-Foundation 300
2,33 m³;WALL_Insitu-400
3,18 m³;WAL_Precast-Interior-400_RDK
0,00 m³;WAL_Precast-Exterior-50_RDK
2,33 m³;WALL_Insitu-400
3,80 m³;WAL_Precast-Interior-400_RDK
0,00 m³;WAL_Precast-Exterior-50_RDK
2,31 m³;WALL_Insitu-400
4,66 m³;WAL_Precast-Interior-400_RDK
2,33 m³;WALL_Insitu-400
3,37 m³;WAL_Precast-Interior-400_RDK
2,33 m³;WALL_Insitu-400
3,33 m³;WAL_Precast-Interior-400_RDK
2,64 m³;WAL_Precast-Interior-400_RDK
1,75 m³;WAL_Precast-Exterior-120_RDK
5,75 m³;Precast sandwich_wall_Type1 450_RDK
0,10 m³;WAL_Precast-Interior-100_RDK
0,80 m³;WAL_Precast-Interior-200_RDK
2,03 m³;WAL_Precast-Interior-200_RDK
0,51 m³;WAL_Precast-Interior-300_RDK
2,33 m³;WALL_Insitu-400
2,33 m³;WALL_Insitu-400
2,33 m³;WALL_Insitu-400
0,87 m³;WAL_Precast-Interior-200_RDK
0,41 m³;WAL_Precast-Interior-200_RDK
0,87 m³;WAL_Precast-Interior-200_RDK
0,36 m³;WAL_Precast-Interior-200_RDK
3,61 m³;WAL_Insitu-Foundation-800_RDK
1,60 m³;WAL_Insitu-Foundation-1000
1,56 m³;WAL_Insitu-Foundation-1000
1,60 m³;WAL_Insitu-Foundation-1000
12,95 m³;WAL_Insitu-Foundation-3800
2,50 m³;WAL_Insitu-Foundation-1800
12,61 m³;WAL_Insitu-Foundation-1800
3,68 m³;WAL_Insitu-Foundation 400
5,50 m³;WAL_Precast-Exterior-250_RDK
0,38 m³;WAL_Precast-Interior-200_RDK
0,37 m³;WAL_Precast-Interior-200_RDK
0,04 m³;WAL_Precast-Exterior-50_RDK
0,71 m³;WAL_Insitu-Foundation 250
0,25 m³;WAL_Insitu-Foundation 250
0,37 m³;WAL_Insitu-Foundation 250
0,43 m³;WAL_Insitu-Foundation 250
1,08 m³;WAL_Insitu-Foundation 250
0,36 m³;WAL_Insitu-Foundation 250
1,22 m³;WAL_Insitu-Foundation 250
0,08 m³;WAL_Precast-Interior-200_RDK
0,08 m³;WAL_Precast-Interior-200_RDK
0,07 m³;WAL_Precast-Interior-200_RDK
0,07 m³;WAL_Precast-Interior-200_RDK
0,10 m³;WAL_Precast-Interior-100_RDK
0,08 m³;WAL_Precast-Interior-100_RDK
1,73 m³;WAL_Precast-Interior-200_RDK
0,10 m³;WAL_Precast-Interior-100_RDK
0,10 m³;WAL_Precast-Interior-100_RDK
0,08 m³;WAL_Precast-Interior-200_RDK
0,08 m³;WAL_Precast-Interior-200_RDK
0,08 m³;WAL_Precast-Interior-200_RDK
0,08 m³;WAL_Precast-Interior-200_RDK
0,10 m³;WAL_Precast-Interior-250_RDK
0,09 m³;WAL_Precast-Interior-250_RDK
0,09 m³;WAL_Precast-Interior-250_RDK
0,08 m³;WAL_Precast-Interior-250_RDK
5,12 m³;WAL_Precast-Exterior-200_RDK
0,01 m³;WAL_Precast-Exterior-50_RDK
0,04 m³;WAL_Precast-Interior-300_RDK
0,08 m³;WAL_Precast-Exterior-50_RDK
0,08 m³;WAL_Precast-Exterior-50_RDK
0,08 m³;WAL_Precast-Exterior-50_RDK
0,03 m³;WAL_Precast-Exterior-50_RDK
7,52 m³;WAL_Precast-Interior-200_RDK
7,33 m³;WAL_Precast-Interior-200_RDK
0,36 m³;WAL_Precast-Interior-200_RDK
1,49 m³;WAL_Precast-Exterior-200_RDK
0,68 m³;WAL_Precast-Exterior-200_RDK
2,06 m³;WAL_Precast-Exterior-200_RDK
1,19 m³;WAL_Precast-Exterior-200_RDK
0,98 m³;WAL_Precast-Exterior-200_RDK
0,54 m³;WAL_Precast-Exterior-200_RDK
0,21 m³;WAL_Precast-Exterior-200_RDK
11,04 m³;WAL_Insitu-Foundation-1300
7,29 m³;WAL_Insitu-Foundation-1300
11,69 m³;WAL_Precast-Exterior-200_RDK
3,07 m³;WAL_Precast-Exterior-200_RDK
4,34 m³;WAL_Precast-Interior-300_skørt 75
3,31 m³;WAL_Precast-Exterior-200_RDK
54,69 m³;FLO_Precast-400_RDK
198,73 m³;FLO_Precast-400_RDK
126,10 m³;FLO_Precast-400_RDK
9,48 m³;FLO_Precast-270_RDK
121,67 m³;FLO_Precast-400_RDK
6,56 m³;FLO_Precast-180_RDK
32,80 m³;FLO_Precast-270_RDK
37,58 m³;FLO_Precast-400_RDK
31,70 m³;FLO_Precast-400_RDK
26,33 m³;FLO_Precast-270_RDK
43,06 m³;FLO_Precast-400_RDK
4,84 m³;FLO_Precast-270_RDK
28,70 m³;FLO_Precast-270_RDK
115,17 m³;FLO_Precast-400_RDK
128,58 m³;FLO_Precast-400_RDK
18,01 m³;FLO_Precast-400_RDK
64,68 m³;FLO_Precast-400_RDK
70,02 m³;FLO_Precast-320_RDK
10,31 m³;FLO_Precast-320_RDK
3,79 m³;FLO_Precast-320_RDK
2,47 m³;FLO_Precast-320_RDK
20,32 m³;FLO_Precast-270_RDK
17,89 m³;FLO_Precast-320_RDK
38,86 m³;FLO_Precast-320_RDK
3,54 m³;FLO_Precast-270_RDK
16,39 m³;FLO_Precast-270_RDK
17,41 m³;FLO_Precast-400_RDK
4,07 m³;FLO_Precast-270_RDK
38,58 m³;FLO_Precast-400_RDK
2,57 m³;FLO_Precast-320_RDK
7,61 m³;FLO_Precast-270_RDK
27,69 m³;FLO_Precast-180_RDK
4,54 m³;FLO_Precast-400_RDK
43,07 m³;FLO_Precast-400_RDK
247,87 m³;FLO_Precast-400_RDK
46,09 m³;FLO_Precast-400_RDK
193,47 m³;FLO_Precast-400_RDK
47,49 m³;FLO_Precast-270_RDK
115,16 m³;FLO_Precast-400_RDK
3,55 m³;FLO_Precast-270_RDK
80,76 m³;FLO_Precast-400_RDK
21,17 m³;FLO_Precast-400_RDK
49,72 m³;FLO_Precast-270_RDK
37,49 m³;FLO_Precast-400_RDK
29,49 m³;FLO_Precast-270_RDK
49,49 m³;FLO_Precast-270_RDK
28,36 m³;FLO_Precast-270_RDK
248,44 m³;FLO_Precast-400_RDK
194,75 m³;FLO_Precast-400_RDK
47,32 m³;FLO_Precast-270_RDK
115,47 m³;FLO_Precast-400_RDK
3,31 m³;FLO_Precast-270_RDK
88,76 m³;FLO_Precast-400_RDK
21,28 m³;FLO_Precast-400_RDK
49,40 m³;FLO_Precast-270_RDK
25,36 m³;FLO_Precast-270_RDK
129,00 m³;FLO_Precast-400_RDK
19,42 m³;FLO_Precast-180_RDK
65,51 m³;FLO_Precast-320_RDK
2,68 m³;FLO_Precast-320_RDK
10,37 m³;FLO_Precast-320_RDK
3,79 m³;FLO_Precast-320_RDK
26,58 m³;FLO_Precast-180_RDK
34,83 m³;FLO_Precast-270_RDK
24,43 m³;FLO_Precast-180_RDK
9,96 m³;FLO_Precast-270_RDK
248,41 m³;FLO_Precast-400_RDK
36,00 m³;FLO_Precast-400_RDK
201,61 m³;FLO_Precast-400_RDK
48,83 m³;FLO_Precast-270_RDK
115,70 m³;FLO_Precast-400_RDK
88,83 m³;FLO_Precast-400_RDK
21,37 m³;FLO_Precast-400_RDK
51,03 m³;FLO_Precast-270_RDK
129,28 m³;FLO_Precast-400_RDK
36,06 m³;FLO_Precast-270_RDK
255,39 m³;FLO_Precast-400_RDK
128,77 m³;FLO_Precast-400_RDK
145,52 m³;FLO_Precast-400_RDK
36,03 m³;FLO_Precast-270_RDK
27,69 m³;FLO_Precast-270_RDK
128,56 m³;FLO_Precast-400_RDK
128,84 m³;FLO_Precast-400_RDK
128,84 m³;FLO_Precast-400_RDK
10,31 m³;FLO_Precast-320_RDK
3,79 m³;FLO_Precast-320_RDK
2,33 m³;FLO_Precast-320_RDK
17,33 m³;FLO_Precast-320_RDK
38,49 m³;FLO_Precast-320_RDK
2,57 m³;FLO_Precast-320_RDK
64,11 m³;FLO_Precast-320_RDK
2,56 m³;FLO_Precast-320_RDK
6,81 m³;FLO_Precast-320_RDK
3,28 m³;FLO_Precast-180_RDK
1,84 m³;FLO_Precast-200_RDK
6,53 m³;FLO_Precast-270_RDK
3,49 m³;FLO_Precast-240_RDK_Altan
3,48 m³;FLO_Precast-240_RDK_Altan
5,05 m³;FLO_Precast-240_RDK_Altan
5,05 m³;FLO_Precast-240_RDK_Altan
5,05 m³;FLO_Precast-240_RDK_Altan
5,05 m³;FLO_Precast-240_RDK_Altan
5,04 m³;FLO_Precast-240_RDK_Altan
64,00 m³;FLO_Precast-320_RDK
4,96 m³;FLO_Precast-240_RDK_Altan
4,97 m³;FLO_Precast-240_RDK_Altan
13,10 m³;FLO_Precast-400_RDK
48,35 m³;FLO_Precast-400_RDK
5,34 m³;FLO_Precast-400_RDK
6,18 m³;FLO_Precast-400_RDK
1,00 m³;FLO_Precast-200_RDK
1,28 m³;FLO_Precast-200_RDK
0,93 m³;FLO_Precast-200_RDK
35,89 m³;FLO_Precast-400_RDK
65,51 m³;FLO_Precast-320_RDK
2,68 m³;FLO_Precast-320_RDK
10,37 m³;FLO_Precast-320_RDK
3,79 m³;FLO_Precast-320_RDK
2,57 m³;FLO_Precast-320_RDK
128,80 m³;FLO_Precast-400_RDK
48,95 m³;FLO_Precast-270_RDK
65,50 m³;FLO_Precast-320_RDK
2,68 m³;FLO_Precast-320_RDK
10,36 m³;FLO_Precast-320_RDK
3,79 m³;FLO_Precast-320_RDK
2,56 m³;FLO_Precast-320_RDK
65,50 m³;FLO_Precast-320_RDK
2,68 m³;FLO_Precast-320_RDK
10,36 m³;FLO_Precast-320_RDK
3,79 m³;FLO_Precast-320_RDK
2,56 m³;FLO_Precast-320_RDK
65,49 m³;FLO_Precast-320_RDK
2,68 m³;FLO_Precast-320_RDK
10,37 m³;FLO_Precast-320_RDK
3,79 m³;FLO_Precast-320_RDK
2,56 m³;FLO_Precast-320_RDK
5,03 m³;FLO_Precast-240_RDK_Altan
65,78 m³;FLO_Precast-320_RDK
2,71 m³;FLO_Precast-320_RDK
10,36 m³;FLO_Precast-320_RDK
3,79 m³;FLO_Precast-320_RDK
62,33 m³;FLO_Precast-320_RDK
2,56 m³;FLO_Precast-320_RDK
65,61 m³;FLO_Precast-320_RDK
2,71 m³;FLO_Precast-320_RDK
10,36 m³;FLO_Precast-320_RDK
3,79 m³;FLO_Precast-320_RDK
55,20 m³;FLO_Precast-320_RDK
2,56 m³;FLO_Precast-320_RDK
3,49 m³;FLO_Precast-240_RDK_Altan
65,63 m³;FLO_Precast-320_RDK
2,71 m³;FLO_Precast-320_RDK
10,36 m³;FLO_Precast-320_RDK
3,79 m³;FLO_Precast-320_RDK
55,33 m³;FLO_Precast-320_RDK
2,56 m³;FLO_Precast-320_RDK
3,49 m³;FLO_Precast-240_RDK_Altan
65,63 m³;FLO_Precast-320_RDK
2,71 m³;FLO_Precast-320_RDK
10,37 m³;FLO_Precast-320_RDK
3,79 m³;FLO_Precast-320_RDK
55,36 m³;FLO_Precast-320_RDK
2,56 m³;FLO_Precast-320_RDK
3,49 m³;FLO_Precast-240_RDK_Altan
65,63 m³;FLO_Precast-320_RDK
2,71 m³;FLO_Precast-320_RDK
10,36 m³;FLO_Precast-320_RDK
3,79 m³;FLO_Precast-320_RDK
64,00 m³;FLO_Precast-320_RDK
2,56 m³;FLO_Precast-320_RDK
65,79 m³;FLO_Precast-320_RDK
10,36 m³;FLO_Precast-320_RDK
3,79 m³;FLO_Precast-320_RDK
2,56 m³;FLO_Precast-320_RDK
3,49 m³;FLO_Precast-240_RDK_Altan
64,00 m³;FLO_Precast-320_RDK
65,79 m³;FLO_Precast-320_RDK
10,37 m³;FLO_Precast-320_RDK
3,79 m³;FLO_Precast-320_RDK
2,56 m³;FLO_Precast-320_RDK
3,49 m³;FLO_Precast-240_RDK_Altan
64,00 m³;FLO_Precast-320_RDK
65,79 m³;FLO_Precast-320_RDK
10,37 m³;FLO_Precast-320_RDK
3,79 m³;FLO_Precast-320_RDK
2,56 m³;FLO_Precast-320_RDK
6,16 m³;FLO_Precast-350_Altan
64,00 m³;FLO_Precast-320_RDK
65,76 m³;FLO_Precast-320_RDK
10,36 m³;FLO_Precast-320_RDK
3,79 m³;FLO_Precast-320_RDK
2,56 m³;FLO_Precast-320_RDK
9,21 m³;FLO_Precast-270_RDK
8,79 m³;FLO_Insitu-270_RDK
0,80 m³;FLO_Insitu-270_RDK
5,48 m³;FLO_Insitu-270_RDK
7,49 m³;FLO_Insitu-270_RDK
0,14 m³;FLO_Insitu-270_RDK
3,49 m³;FLO_Insitu-270_RDK
3,36 m³;FLO_Insitu-270_RDK
1,48 m³;FLO_Insitu-270_RDK
2,60 m³;FLO_Insitu-400_RDK
1,25 m³;FLO_Insitu-400_RDK
0,58 m³;FLO_Insitu-400_RDK
1,33 m³;FLO_Insitu-400_RDK
0,52 m³;FLO_Insitu-400_RDK
2,44 m³;FLO_Precast-320_RDK
2,52 m³;FLO_Precast-320_RDK
2,54 m³;FLO_Precast-320_RDK
2,54 m³;FLO_Precast-320_RDK
2,07 m³;FLO_Precast-270_RDK
69,87 m³;FLO_Precast-320_RDK
69,87 m³;FLO_Precast-320_RDK
69,87 m³;FLO_Precast-320_RDK
70,02 m³;FLO_Precast-320_RDK
70,30 m³;FLO_Precast-320_RDK
50,07 m³;FLO_Precast-320_RDK
3,58 m³;FLO_Precast-320_RDK
2,15 m³;FLO_Precast-320_RDK
2,15 m³;FLO_Precast-320_RDK
2,15 m³;FLO_Precast-320_RDK
2,15 m³;FLO_Precast-320_RDK
2,15 m³;FLO_Precast-320_RDK
2,15 m³;FLO_Precast-320_RDK
2,15 m³;FLO_Precast-320_RDK
6,15 m³;FLO_Precast-320_RDK
2,15 m³;FLO_Precast-320_RDK
2,15 m³;FLO_Precast-320_RDK
2,15 m³;FLO_Precast-320_RDK
2,15 m³;FLO_Precast-320_RDK
2,15 m³;FLO_Precast-320_RDK
2,15 m³;FLO_Precast-320_RDK
2,15 m³;FLO_Precast-320_RDK
7,03 m³;FLO_Precast-270_RDK
7,04 m³;FLO_Precast-270_RDK
5,66 m³;FLO_Precast-270_RDK
3,98 m³;FLO_Precast-270_RDK
6,77 m³;FLO_Precast-320_RDK
4,46 m³;FLO_Precast-250_RDK
60,40 m³;FLO_Precast-320_RDK
9,20 m³;FLO_Precast-320_RDK
3,76 m³;FLO_Precast-320_RDK
2,91 m³;FLO_Precast-320_RDK
6,31 m³;FLO_Precast-320_RDK
59,93 m³;FLO_Precast-320_RDK
12,18 m³;FLO_Precast-320_RDK
3,80 m³;FLO_Precast-320_RDK
8,72 m³;FLO_Precast-320_RDK
117,73 m³;FLO_Precast-320_RDK
0,94 m³;FLO_Precast-200_RDK
64,65 m³;FLO_Precast-320_RDK
3,03 m³;FLO_Precast-270_RDK
2,60 m³;FLO_Insitu-400_RDK
2,38 m³;FLO_Insitu-400_RDK
2,23 m³;FLO_Precast-400_RDK
0,16 m³;FLO_Insitu-400_RDK
0,86 m³;FLO_Precast-320_RDK
7,63 m³;FLO_Precast-400_RDK
0,51 m³;FLO_Insitu-400_RDK
0,52 m³;FLO_Insitu-320_RDK
0,52 m³;FLO_Insitu-320_RDK
0,52 m³;FLO_Insitu-320_RDK
0,52 m³;FLO_Insitu-320_RDK
0,52 m³;FLO_Insitu-320_RDK
0,52 m³;FLO_Insitu-320_RDK
0,52 m³;FLO_Insitu-320_RDK
0,52 m³;FLO_Insitu-320_RDK
0,52 m³;FLO_Insitu-320_RDK
0,52 m³;FLO_Insitu-320_RDK
0,52 m³;FLO_Insitu-320_RDK
0,52 m³;FLO_Insitu-320_RDK
0,52 m³;FLO_Insitu-320_RDK
0,52 m³;FLO_Insitu-320_RDK
0,49 m³;FLO_Insitu-320_RDK
0,49 m³;FLO_Insitu-320_RDK
0,49 m³;FLO_Insitu-320_RDK
5,19 m³;FLO_Precast-240_RDK_Altan
